freq, avg, max
425, 0.000000E+00, 0.000000E+00
426, 0.000000E+00, 0.000000E+00
427, 0.000000E+00, 0.000000E+00
429, 0.000000E+00, 0.000000E+00
430, 0.000000E+00, 0.000000E+00
431, 0.000000E+00, 0.000000E+00
432, 0.000000E+00, 0.000000E+00
433, 0.000000E+00, 0.000000E+00
434, 0.000000E+00, 0.000000E+00
435, 0.000000E+00, 0.000000E+00
437, 0.000000E+00, 0.000000E+00
438, 1.592933E-07, 1.302137E-04
439, 1.304895E-06, 2.859483E-04
440, 1.396280E-05, 2.199254E-02
442, 8.333418E-06, 3.423881E-03
444, 7.242766E-06, 2.308829E-03
445, 2.362990E-05, 2.199254E-02
446, 2.362990E-05, 2.199254E-02
447, 2.362990E-05, 2.199254E-02
449, 2.362990E-05, 2.199254E-02
450, 5.640122E-04, 2.600137E-01
451, 1.660525E-02, 2.805186E+01
452, 1.674378E-02, 4.726175E+00
454, 1.054165E-01, 1.351002E+02
455, 6.646971E-02, 4.506271E+01
456, 1.103961E-01, 9.010344E+01
457, 1.103960E-01, 9.010342E+01
458, 1.103933E-01, 9.009792E+01
459, 1.103935E-01, 9.009243E+01
460, 1.104027E-01, 9.010342E+01
462, 1.104248E-01, 9.009243E+01
463, 1.103145E-01, 8.992198E+01
464, 1.105444E-01, 9.009792E+01
465, 1.105444E-01, 9.009792E+01
467, 1.105444E-01, 9.009792E+01
469, 1.105444E-01, 9.009792E+01
470, 1.105444E-01, 9.009792E+01
471, 1.105444E-01, 9.009792E+01
472, 1.111702E-01, 9.009792E+01
474, 1.377829E-01, 9.009792E+01
475, 8.381005E-01, 1.171075E+03
476, 3.604611E-01, 9.009792E+01
477, 4.796433E-01, 1.418146E+02
479, 6.310897E-01, 2.702278E+02
480, 5.859915E-01, 4.504236E+02
481, 5.859915E-01, 4.504236E+02
482, 5.859819E-01, 4.504017E+02
483, 5.859817E-01, 4.504017E+02
484, 5.859821E-01, 4.504017E+02
485, 5.859803E-01, 4.504017E+02
487, 5.859803E-01, 4.504017E+02
488, 5.859803E-01, 4.504017E+02
489, 5.859820E-01, 4.504017E+02
490, 5.859805E-01, 4.504017E+02
492, 5.859808E-01, 4.504017E+02
494, 5.859767E-01, 4.504017E+02
495, 5.860305E-01, 4.505336E+02
496, 5.860533E-01, 4.505336E+02
497, 5.860256E-01, 4.504896E+02
499, 5.860239E-01, 4.504896E+02
500, 5.860144E-01, 4.504676E+02
501, 5.860284E-01, 4.504896E+02
502, 5.860137E-01, 4.504676E+02
504, 5.860274E-01, 4.504896E+02
505, 5.860263E-01, 4.504896E+02
506, 5.860252E-01, 4.504896E+02
507, 5.860252E-01, 4.504896E+02
508, 5.860252E-01, 4.504896E+02
509, 5.860252E-01, 4.504896E+02
510, 5.860252E-01, 4.504896E+02
512, 5.860269E-01, 4.504896E+02
513, 5.860269E-01, 4.504896E+02
514, 5.860252E-01, 4.504896E+02
515, 5.860269E-01, 4.504896E+02
517, 5.860269E-01, 4.504896E+02
519, 5.860252E-01, 4.504896E+02
520, 5.860269E-01, 4.504896E+02
521, 5.860252E-01, 4.504896E+02
522, 5.860269E-01, 4.504896E+02
524, 5.860269E-01, 4.504896E+02
525, 5.859505E-01, 4.503082E+02
526, 5.859922E-01, 4.503137E+02
531, 5.860435E-01, 4.504951E+02
537, 5.318298E-01, 3.153730E+02
543, 4.891094E-01, 1.802509E+02
549, 4.891089E-01, 1.802510E+02
555, 5.095015E-01, 1.802506E+02
560, 2.566092E-01, 1.800748E+02
565, 1.826696E-01, 1.800748E+02
570, 1.827161E-01, 1.801627E+02
575, 5.042959E-01, 6.241665E+02
580, 1.813569E+00, 8.695117E+02
585, 2.407289E+00, 8.695117E+02
590, 3.157512E+00, 1.318287E+03
595, 4.375812E+00, 1.209712E+03
600, 0.000000E+00, 0.000000E+00
425, 0.000000E+00, 0.000000E+00
426, 0.000000E+00, 0.000000E+00
427, 0.000000E+00, 0.000000E+00
429, 0.000000E+00, 0.000000E+00
430, 0.000000E+00, 0.000000E+00
431, 0.000000E+00, 0.000000E+00
432, 0.000000E+00, 0.000000E+00
433, 0.000000E+00, 0.000000E+00
434, 0.000000E+00, 0.000000E+00
435, 0.000000E+00, 0.000000E+00
437, 0.000000E+00, 0.000000E+00
438, 2.157979E-07, 9.458785E-05
439, 9.845946E-07, 2.473037E-04
440, 3.388596E-06, 7.258095E-04
442, 6.334292E-06, 7.423012E-04
444, 9.542892E-06, 1.561334E-03
445, 5.914374E-06, 8.517946E-04
446, 5.914374E-06, 8.517946E-04
447, 5.914374E-06, 8.517946E-04
449, 5.914371E-06, 8.517946E-04
450, 2.507787E-03, 1.759505E+00
451, 8.839793E-03, 2.237263E+00
452, 1.484531E-02, 3.356168E+00
454, 3.032126E-02, 4.459373E+00
455, 3.124180E-02, 4.475073E+00
456, 2.867840E-02, 3.438154E+00
457, 2.867829E-02, 3.438154E+00
458, 2.867955E-02, 3.438574E+00
459, 2.868067E-02, 3.437945E+00
460, 2.867792E-02, 3.437945E+00
462, 2.868465E-02, 3.424724E+00
463, 2.870390E-02, 3.444870E+00
464, 2.871292E-02, 3.444870E+00
465, 2.871933E-02, 3.444870E+00
467, 2.871933E-02, 3.444870E+00
469, 2.871933E-02, 3.444870E+00
470, 2.871933E-02, 3.444870E+00
471, 2.871933E-02, 3.444870E+00
472, 3.047610E-02, 3.444870E+00
474, 5.903222E-02, 2.445461E+01
475, 2.735701E-01, 3.497019E+01
476, 2.431578E-01, 2.965075E+01
477, 3.984445E-01, 7.676769E+01
479, 5.705784E-01, 5.647432E+01
480, 3.817337E-01, 7.676769E+01
481, 3.817337E-01, 7.676769E+01
482, 3.817337E-01, 7.676769E+01
483, 3.817337E-01, 7.676769E+01
484, 3.817337E-01, 7.676769E+01
485, 3.817337E-01, 7.676769E+01
487, 3.817337E-01, 7.676769E+01
488, 3.817337E-01, 7.676769E+01
489, 3.817337E-01, 7.676769E+01
490, 3.817342E-01, 7.676769E+01
492, 3.817323E-01, 7.676769E+01
494, 3.817386E-01, 7.676769E+01
495, 3.817449E-01, 7.677550E+01
496, 3.817561E-01, 7.678174E+01
497, 3.817475E-01, 7.677393E+01
499, 3.817491E-01, 7.677550E+01
500, 3.817482E-01, 7.677550E+01
501, 3.817478E-01, 7.677550E+01
502, 3.817486E-01, 7.677550E+01
504, 3.817492E-01, 7.677550E+01
505, 3.817463E-01, 7.677393E+01
506, 3.817463E-01, 7.677393E+01
507, 3.817463E-01, 7.677393E+01
508, 3.817463E-01, 7.677393E+01
509, 3.817479E-01, 7.677550E+01
510, 3.817463E-01, 7.677393E+01
512, 3.817463E-01, 7.677393E+01
513, 3.817479E-01, 7.677550E+01
514, 3.817479E-01, 7.677550E+01
515, 3.817463E-01, 7.677393E+01
517, 3.817463E-01, 7.677393E+01
519, 3.817463E-01, 7.677393E+01
520, 3.817463E-01, 7.677393E+01
521, 3.817479E-01, 7.677550E+01
522, 3.817463E-01, 7.677393E+01
524, 3.817153E-01, 7.674895E+01
525, 3.817055E-01, 7.673724E+01
526, 3.817065E-01, 7.674973E+01
531, 3.805371E-01, 7.674895E+01
537, 3.786803E-01, 7.994813E+01
543, 3.707896E-01, 5.116804E+01
549, 3.707917E-01, 5.116960E+01
555, 4.249273E-01, 5.945758E+01
560, 1.279702E-01, 2.557467E+01
565, 1.051359E-01, 2.557467E+01
570, 1.050021E-01, 2.558091E+01
575, 1.967286E-01, 5.570525E+01
580, 1.372731E+00, 4.348754E+02
585, 1.894193E+00, 4.348504E+02
590, 1.919037E+00, 2.302032E+02
595, 2.462451E+00, 2.301969E+02
600, 0.000000E+00, 0.000000E+00
425, 0.000000E+00, 0.000000E+00
426, 0.000000E+00, 0.000000E+00
427, 0.000000E+00, 0.000000E+00
429, 0.000000E+00, 0.000000E+00
430, 0.000000E+00, 0.000000E+00
431, 0.000000E+00, 0.000000E+00
432, 0.000000E+00, 0.000000E+00
433, 0.000000E+00, 0.000000E+00
434, 0.000000E+00, 0.000000E+00
435, 0.000000E+00, 0.000000E+00
437, 0.000000E+00, 0.000000E+00
438, 1.460875E-08, 7.800261E-06
439, 1.869131E-06, 9.687363E-04
440, 4.384543E-06, 2.296234E-03
442, 7.694221E-06, 2.296234E-03
444, 1.061090E-05, 1.636178E-03
445, 1.607831E-05, 5.842690E-03
446, 1.607831E-05, 5.842690E-03
447, 1.607831E-05, 5.842690E-03
449, 1.607831E-05, 5.842690E-03
450, 3.770252E-04, 2.583755E-01
451, 4.746332E-03, 1.327709E+00
452, 3.358770E-02, 2.393749E+01
454, 4.115260E-02, 1.881305E+01
455, 5.742298E-02, 2.393749E+01
456, 3.928520E-02, 6.698513E+00
457, 3.928516E-02, 6.698513E+00
458, 3.928514E-02, 6.698513E+00
459, 3.928838E-02, 6.698513E+00
460, 3.932561E-02, 6.699740E+00
462, 3.930862E-02, 6.699740E+00
463, 3.934559E-02, 6.725510E+00
464, 3.928053E-02, 6.699331E+00
465, 3.928053E-02, 6.699331E+00
467, 3.928053E-02, 6.699331E+00
469, 3.928053E-02, 6.699331E+00
470, 3.928053E-02, 6.699331E+00
471, 3.928053E-02, 6.699331E+00
472, 3.942055E-02, 6.699331E+00
474, 1.130618E-01, 1.125869E+02
475, 4.104033E-01, 1.005292E+02
476, 4.607001E-01, 1.081424E+02
477, 6.569329E-01, 4.786389E+02
479, 5.784727E-01, 2.871857E+02
480, 7.021191E-01, 1.833853E+02
481, 7.021201E-01, 1.833853E+02
482, 7.021220E-01, 1.833853E+02
483, 7.021246E-01, 1.833876E+02
484, 7.021241E-01, 1.833853E+02
485, 7.021257E-01, 1.833876E+02
487, 7.021248E-01, 1.833853E+02
488, 7.021248E-01, 1.833853E+02
489, 7.021257E-01, 1.833876E+02
490, 7.021248E-01, 1.833853E+02
492, 7.021248E-01, 1.833853E+02
494, 7.021175E-01, 1.833853E+02
495, 7.021421E-01, 1.833922E+02
496, 7.021349E-01, 1.833991E+02
497, 7.022172E-01, 1.834106E+02
499, 7.022172E-01, 1.834106E+02
500, 7.022193E-01, 1.834083E+02
501, 7.022219E-01, 1.834106E+02
502, 7.022260E-01, 1.834129E+02
504, 7.022220E-01, 1.834129E+02
505, 7.022218E-01, 1.834106E+02
506, 7.022231E-01, 1.834129E+02
507, 7.022231E-01, 1.834129E+02
508, 7.022231E-01, 1.834129E+02
509, 7.022231E-01, 1.834129E+02
510, 7.022217E-01, 1.834106E+02
512, 7.022217E-01, 1.834106E+02
513, 7.022231E-01, 1.834129E+02
514, 7.022231E-01, 1.834129E+02
515, 7.022231E-01, 1.834129E+02
517, 7.022231E-01, 1.834129E+02
519, 7.022231E-01, 1.834129E+02
520, 7.022231E-01, 1.834129E+02
521, 7.022217E-01, 1.834106E+02
522, 7.022231E-01, 1.834129E+02
524, 7.023574E-01, 1.834496E+02
525, 7.023646E-01, 1.834301E+02
526, 7.023943E-01, 1.834663E+02
531, 6.948226E-01, 1.834278E+02
537, 6.837053E-01, 1.740247E+02
543, 5.876543E-01, 1.693221E+02
549, 5.876517E-01, 1.693198E+02
555, 5.449225E-01, 1.317006E+02
560, 2.361138E-01, 9.569738E+01
565, 2.152556E-01, 9.572075E+01
570, 2.153462E-01, 9.573243E+01
575, 2.408310E-01, 9.574412E+01
580, 2.091215E+00, 1.435882E+03
585, 2.294848E+00, 3.886987E+02
590, 4.821446E+00, 2.434121E+03
595, 5.852396E+00, 2.434121E+03
600, 0.000000E+00, 0.000000E+00
425, 0.000000E+00, 0.000000E+00
426, 0.000000E+00, 0.000000E+00
427, 0.000000E+00, 0.000000E+00
429, 0.000000E+00, 0.000000E+00
430, 0.000000E+00, 0.000000E+00
431, 0.000000E+00, 0.000000E+00
432, 0.000000E+00, 0.000000E+00
433, 0.000000E+00, 0.000000E+00
434, 0.000000E+00, 0.000000E+00
435, 0.000000E+00, 0.000000E+00
437, 0.000000E+00, 0.000000E+00
438, 6.276466E-07, 3.530967E-04
439, 3.485604E-06, 2.041287E-03
440, 2.776074E-06, 3.530967E-04
442, 7.864855E-06, 2.041287E-03
444, 4.417672E-05, 6.119598E-02
445, 7.231709E-06, 1.582184E-03
446, 7.231709E-06, 1.582184E-03
447, 7.231709E-06, 1.582184E-03
449, 7.231709E-06, 1.582184E-03
450, 2.437475E-04, 1.428976E-01
451, 1.894401E-01, 3.759880E+02
452, 1.130018E-02, 2.639125E+00
454, 2.212900E-01, 3.759880E+02
455, 1.554519E-01, 2.506587E+02
456, 1.554519E-01, 2.506587E+02
457, 1.554527E-01, 2.506587E+02
458, 1.554518E-01, 2.506587E+02
459, 1.554519E-01, 2.506587E+02
460, 1.554606E-01, 2.506740E+02
462, 1.554651E-01, 2.506587E+02
463, 1.554573E-01, 2.506587E+02
464, 1.550075E-01, 2.496796E+02
465, 1.552303E-01, 2.501692E+02
467, 1.552303E-01, 2.501692E+02
469, 1.552303E-01, 2.501692E+02
470, 1.552303E-01, 2.501692E+02
471, 1.552303E-01, 2.501692E+02
472, 1.553176E-01, 2.501692E+02
474, 1.699389E-01, 2.501692E+02
475, 1.307551E+00, 2.255440E+03
476, 1.137547E+00, 1.755100E+03
477, 1.771959E+00, 2.757737E+03
479, 1.350643E+00, 1.755101E+03
480, 7.425285E-01, 7.524658E+02
481, 7.425286E-01, 7.524658E+02
482, 7.425285E-01, 7.524658E+02
483, 7.425288E-01, 7.524658E+02
484, 7.424987E-01, 7.524046E+02
485, 7.425293E-01, 7.524658E+02
487, 7.425291E-01, 7.524658E+02
488, 7.424997E-01, 7.524046E+02
489, 7.425291E-01, 7.524658E+02
490, 7.425292E-01, 7.524658E+02
492, 7.425292E-01, 7.524658E+02
494, 7.425002E-01, 7.524046E+02
495, 7.423535E-01, 7.520986E+02
496, 7.423709E-01, 7.521598E+02
497, 7.424668E-01, 7.523434E+02
499, 7.424373E-01, 7.522822E+02
500, 7.424978E-01, 7.524046E+02
501, 7.424661E-01, 7.523434E+02
502, 7.424658E-01, 7.523434E+02
504, 7.424663E-01, 7.523434E+02
505, 7.424367E-01, 7.522822E+02
506, 7.424662E-01, 7.523434E+02
507, 7.424367E-01, 7.522822E+02
508, 7.424662E-01, 7.523434E+02
509, 7.424662E-01, 7.523434E+02
510, 7.424367E-01, 7.522822E+02
512, 7.424662E-01, 7.523434E+02
513, 7.424662E-01, 7.523434E+02
514, 7.424367E-01, 7.522822E+02
515, 7.424367E-01, 7.522822E+02
517, 7.424662E-01, 7.523434E+02
519, 7.424662E-01, 7.523434E+02
520, 7.424662E-01, 7.523434E+02
521, 7.424662E-01, 7.523434E+02
522, 7.424662E-01, 7.523434E+02
524, 7.424662E-01, 7.523434E+02
525, 7.424513E-01, 7.522669E+02
526, 7.427079E-01, 7.528177E+02
531, 7.422147E-01, 7.518538E+02
537, 8.645154E-01, 1.002513E+03
543, 1.339934E+00, 2.005148E+03
549, 1.597835E+00, 2.506465E+03
555, 2.306615E+00, 3.509039E+03
560, 9.307088E-01, 1.503830E+03
565, 8.447771E-01, 1.504075E+03
570, 8.447914E-01, 1.504075E+03
575, 9.028093E-01, 1.504075E+03
580, 1.626208E+00, 1.504075E+03
585, 1.043087E+01, 1.753149E+04
590, 1.065444E+01, 1.753155E+04
595, 1.086317E+01, 1.753149E+04
600, 0.000000E+00, 0.000000E+00
425, 0.000000E+00, 0.000000E+00
426, 0.000000E+00, 0.000000E+00
427, 0.000000E+00, 0.000000E+00
429, 0.000000E+00, 0.000000E+00
430, 0.000000E+00, 0.000000E+00
431, 0.000000E+00, 0.000000E+00
432, 0.000000E+00, 0.000000E+00
433, 0.000000E+00, 0.000000E+00
434, 0.000000E+00, 0.000000E+00
435, 0.000000E+00, 0.000000E+00
437, 0.000000E+00, 0.000000E+00
438, 2.363956E-07, 1.715438E-04
439, 2.103245E-06, 2.378549E-03
440, 5.440455E-06, 2.192926E-03
442, 6.481166E-06, 1.785922E-03
444, 2.623050E-05, 2.194455E-02
445, 2.380648E-05, 2.194455E-02
446, 2.380648E-05, 2.194455E-02
447, 2.380648E-05, 2.194455E-02
449, 3.439765E-05, 2.194455E-02
450, 4.775680E-04, 1.494938E-01
451, 3.590907E-03, 3.092882E+00
452, 2.848790E-02, 1.623137E+01
454, 1.019533E-01, 8.986292E+01
455, 5.831149E-02, 2.623377E+01
456, 7.492160E-02, 1.623137E+01
457, 7.491962E-02, 1.623137E+01
458, 7.492077E-02, 1.623137E+01
459, 7.491881E-02, 1.623236E+01
460, 7.494112E-02, 1.623137E+01
462, 7.496138E-02, 1.623038E+01
463, 7.533655E-02, 1.632650E+01
464, 7.511417E-02, 1.632650E+01
465, 7.509034E-02, 1.623137E+01
467, 7.509034E-02, 1.623137E+01
469, 7.509034E-02, 1.623137E+01
470, 7.509034E-02, 1.623137E+01
471, 7.515805E-02, 1.623137E+01
472, 7.606665E-02, 1.623137E+01
474, 1.797066E-01, 1.931172E+02
475, 2.884437E-01, 7.547577E+01
476, 9.322693E-01, 1.079123E+03
477, 8.789181E-01, 5.244386E+02
479, 1.326943E+00, 5.244386E+02
480, 1.377927E+00, 1.438663E+03
481, 1.377927E+00, 1.438663E+03
482, 1.377927E+00, 1.438663E+03
483, 1.377927E+00, 1.438663E+03
484, 1.377927E+00, 1.438663E+03
485, 1.377927E+00, 1.438663E+03
487, 1.377927E+00, 1.438663E+03
488, 1.377927E+00, 1.438663E+03
489, 1.377927E+00, 1.438663E+03
490, 1.377927E+00, 1.438663E+03
492, 1.377926E+00, 1.438663E+03
494, 1.377985E+00, 1.438750E+03
495, 1.378013E+00, 1.438882E+03
496, 1.377912E+00, 1.438706E+03
497, 1.377911E+00, 1.438706E+03
499, 1.377911E+00, 1.438706E+03
500, 1.377917E+00, 1.438706E+03
501, 1.377926E+00, 1.438728E+03
502, 1.377925E+00, 1.438728E+03
504, 1.377927E+00, 1.438728E+03
505, 1.377925E+00, 1.438728E+03
506, 1.377925E+00, 1.438728E+03
507, 1.377925E+00, 1.438728E+03
508, 1.377925E+00, 1.438728E+03
509, 1.377925E+00, 1.438728E+03
510, 1.377925E+00, 1.438728E+03
512, 1.377925E+00, 1.438728E+03
513, 1.377925E+00, 1.438728E+03
514, 1.377925E+00, 1.438728E+03
515, 1.377925E+00, 1.438728E+03
517, 1.377925E+00, 1.438728E+03
519, 1.377925E+00, 1.438728E+03
520, 1.377925E+00, 1.438728E+03
521, 1.377925E+00, 1.438728E+03
522, 1.377925E+00, 1.438728E+03
524, 1.377925E+00, 1.438728E+03
525, 1.377588E+00, 1.438372E+03
526, 1.377569E+00, 1.438377E+03
531, 1.377476E+00, 1.438202E+03
537, 1.432654E+00, 1.438202E+03
543, 1.439302E+00, 1.438202E+03
549, 1.439302E+00, 1.438202E+03
555, 1.562222E+00, 1.797741E+03
560, 1.903321E-01, 5.249320E+01
565, 1.788223E-01, 5.250600E+01
570, 1.788586E-01, 5.246758E+01
575, 2.781588E-01, 9.589105E+01
580, 2.190075E+00, 1.626084E+03
585, 3.683036E+00, 1.626058E+03
590, 3.977740E+00, 1.626058E+03
595, 4.395837E+00, 1.266436E+03
600, 0.000000E+00, 0.000000E+00
426, 0.000000E+00, 0.000000E+00
427, 0.000000E+00, 0.000000E+00
429, 0.000000E+00, 0.000000E+00
430, 0.000000E+00, 0.000000E+00
431, 0.000000E+00, 0.000000E+00
432, 0.000000E+00, 0.000000E+00
433, 0.000000E+00, 0.000000E+00
434, 0.000000E+00, 0.000000E+00
435, 0.000000E+00, 0.000000E+00
437, 0.000000E+00, 0.000000E+00
438, 6.650053E-08, 5.926059E-05
439, 5.347348E-07, 1.087513E-04
440, 1.901555E-06, 6.706293E-04
442, 7.453679E-06, 6.130179E-03
444, 6.027330E-06, 8.109198E-04
445, 7.584613E-06, 6.130179E-03
446, 7.584613E-06, 6.130179E-03
447, 7.584613E-06, 6.130179E-03
449, 7.584613E-06, 6.130179E-03
450, 5.658545E-05, 2.404397E-02
451, 1.305722E-03, 1.936647E-01
452, 1.599192E-02, 3.321933E+00
454, 1.017398E-01, 1.521199E+02
455, 1.160220E-01, 1.521197E+02
456, 3.257583E-02, 1.256226E+01
457, 3.257501E-02, 1.256073E+01
458, 3.257507E-02, 1.256073E+01
459, 3.258199E-02, 1.256073E+01
460, 3.257647E-02, 1.256226E+01
462, 3.259672E-02, 1.261130E+01
463, 3.291290E-02, 1.260977E+01
464, 3.311545E-02, 1.246265E+01
465, 3.319244E-02, 1.256073E+01
467, 3.319244E-02, 1.256073E+01
469, 3.319244E-02, 1.256073E+01
470, 3.319244E-02, 1.256073E+01
471, 3.330997E-02, 1.256073E+01
472, 3.321961E-02, 1.256073E+01
474, 4.102253E-02, 1.256073E+01
475, 1.489607E+00, 2.432710E+03
476, 3.251125E-01, 1.129977E+02
477, 3.915868E+00, 7.300542E+03
479, 5.988818E-01, 3.138714E+02
480, 6.663928E-01, 3.138714E+02
481, 6.663932E-01, 3.138714E+02
482, 6.663972E-01, 3.138775E+02
483, 6.663956E-01, 3.138714E+02
484, 6.664354E-01, 3.138775E+02
485, 6.664375E-01, 3.138775E+02
487, 6.663986E-01, 3.138714E+02
488, 6.664375E-01, 3.138775E+02
489, 6.663986E-01, 3.138714E+02
490, 6.664374E-01, 3.138775E+02
492, 6.664364E-01, 3.138775E+02
494, 6.664394E-01, 3.138775E+02
495, 6.663204E-01, 3.138591E+02
496, 6.665024E-01, 3.138652E+02
497, 6.661558E-01, 3.138285E+02
499, 6.661558E-01, 3.138285E+02
500, 6.661098E-01, 3.138223E+02
501, 6.661066E-01, 3.138162E+02
502, 6.661495E-01, 3.138223E+02
504, 6.661086E-01, 3.138162E+02
505, 6.661082E-01, 3.138162E+02
506, 6.661083E-01, 3.138162E+02
507, 6.661473E-01, 3.138223E+02
508, 6.661473E-01, 3.138223E+02
509, 6.661473E-01, 3.138223E+02
510, 6.661083E-01, 3.138162E+02
512, 6.661473E-01, 3.138223E+02
513, 6.661083E-01, 3.138162E+02
514, 6.661083E-01, 3.138162E+02
515, 6.661473E-01, 3.138223E+02
517, 6.661083E-01, 3.138162E+02
519, 6.661083E-01, 3.138162E+02
520, 6.661473E-01, 3.138223E+02
521, 6.661473E-01, 3.138223E+02
522, 6.661473E-01, 3.138223E+02
524, 6.661473E-01, 3.138223E+02
525, 6.660624E-01, 3.138193E+02
526, 6.657565E-01, 3.138162E+02
527, 6.659479E-01, 3.138637E+02
532, 6.658821E-01, 3.138223E+02
538, 7.418041E-01, 3.514862E+02
544, 5.595649E-01, 3.012677E+02
550, 5.595985E-01, 3.012616E+02
555, 2.211730E+00, 3.651320E+03
560, 1.553835E-01, 2.746965E+01
565, 1.075791E-01, 1.101671E+01
570, 1.077154E-01, 1.101402E+01
575, 1.324219E-01, 3.242459E+01
580, 6.127124E-01, 7.636860E+01
585, 2.040343E+00, 1.605408E+03
590, 2.270065E+00, 1.605408E+03
595, 2.849258E+00, 1.605402E+03
600, 0.000000E+00, 0.000000E+00
426, 0.000000E+00, 0.000000E+00
427, 0.000000E+00, 0.000000E+00
429, 0.000000E+00, 0.000000E+00
430, 0.000000E+00, 0.000000E+00
431, 0.000000E+00, 0.000000E+00
432, 0.000000E+00, 0.000000E+00
433, 0.000000E+00, 0.000000E+00
434, 0.000000E+00, 0.000000E+00
435, 0.000000E+00, 0.000000E+00
437, 0.000000E+00, 0.000000E+00
438, 7.312462E-08, 4.820572E-05
439, 5.767258E-07, 2.652684E-04
440, 6.479464E-06, 4.579028E-03
442, 8.186328E-06, 4.579028E-03
444, 4.198938E-05, 6.678379E-02
445, 1.312790E-05, 1.509336E-03
446, 1.312790E-05, 1.509336E-03
447, 1.312790E-05, 1.509336E-03
449, 2.862756E-05, 3.172780E-02
450, 4.412610E-04, 5.887739E-01
451, 4.523563E-03, 2.041658E+00
452, 1.515673E-01, 2.735464E+02
454, 2.157105E-02, 3.092630E+00
455, 1.719216E-01, 2.735463E+02
456, 1.026555E-01, 1.367731E+02
457, 1.026554E-01, 1.367732E+02
458, 1.026551E-01, 1.367732E+02
459, 1.026686E-01, 1.368066E+02
460, 1.026631E-01, 1.367732E+02
462, 1.026840E-01, 1.368066E+02
463, 1.021605E-01, 1.356880E+02
464, 1.026747E-01, 1.367565E+02
465, 1.019864E-01, 1.351537E+02
467, 1.019864E-01, 1.351537E+02
469, 1.019864E-01, 1.351537E+02
470, 1.019864E-01, 1.351537E+02
471, 1.019864E-01, 1.351537E+02
472, 1.021448E-01, 1.351537E+02
474, 1.317872E-01, 1.351537E+02
475, 7.040785E-01, 9.590309E+02
476, 1.316166E+00, 2.053217E+03
477, 5.603472E-01, 1.351547E+02
479, 1.556404E+00, 2.053216E+03
480, 1.004998E+00, 9.590314E+02
481, 1.004998E+00, 9.590314E+02
482, 1.004998E+00, 9.590314E+02
483, 1.004998E+00, 9.590314E+02
484, 1.004998E+00, 9.590314E+02
485, 1.004998E+00, 9.590314E+02
487, 1.004998E+00, 9.590314E+02
488, 1.004998E+00, 9.590314E+02
489, 1.004998E+00, 9.590314E+02
490, 1.004998E+00, 9.590314E+02
492, 1.004997E+00, 9.590314E+02
494, 1.004959E+00, 9.589646E+02
495, 1.004808E+00, 9.586975E+02
496, 1.004894E+00, 9.588310E+02
497, 1.004830E+00, 9.586975E+02
499, 1.004737E+00, 9.585639E+02
500, 1.004698E+00, 9.584971E+02
501, 1.004732E+00, 9.585639E+02
502, 1.004731E+00, 9.585639E+02
504, 1.004732E+00, 9.585639E+02
505, 1.004733E+00, 9.585639E+02
506, 1.004733E+00, 9.585639E+02
507, 1.004733E+00, 9.585639E+02
508, 1.004733E+00, 9.585639E+02
509, 1.004733E+00, 9.585639E+02
510, 1.004733E+00, 9.585639E+02
512, 1.004733E+00, 9.585639E+02
513, 1.004733E+00, 9.585639E+02
514, 1.004733E+00, 9.585639E+02
515, 1.004733E+00, 9.585639E+02
517, 1.004733E+00, 9.585639E+02
519, 1.004733E+00, 9.585639E+02
520, 1.004733E+00, 9.585639E+02
521, 1.004733E+00, 9.585639E+02
522, 1.004733E+00, 9.585639E+02
524, 1.004733E+00, 9.585639E+02
525, 1.003829E+00, 9.569778E+02
526, 1.004067E+00, 9.574787E+02
527, 1.003810E+00, 9.569444E+02
532, 1.001279E+00, 9.569444E+02
538, 9.158034E-01, 8.201712E+02
544, 1.026585E+00, 1.093718E+03
550, 1.817576E+00, 2.735931E+03
555, 1.751144E+00, 2.735931E+03
560, 3.603477E-01, 5.466253E+02
565, 3.462547E-01, 5.468924E+02
570, 3.461783E-01, 5.467589E+02
575, 5.623233E-01, 5.472931E+02
580, 1.497839E+00, 5.475603E+02
585, 2.202366E+00, 5.814244E+02
590, 2.325218E+00, 5.814244E+02
595, 3.279831E+00, 5.936899E+02
600, 0.000000E+00, 0.000000E+00
425, 0.000000E+00, 0.000000E+00
426, 0.000000E+00, 0.000000E+00
427, 0.000000E+00, 0.000000E+00
429, 0.000000E+00, 0.000000E+00
430, 0.000000E+00, 0.000000E+00
431, 0.000000E+00, 0.000000E+00
432, 0.000000E+00, 0.000000E+00
433, 0.000000E+00, 0.000000E+00
434, 0.000000E+00, 0.000000E+00
435, 0.000000E+00, 0.000000E+00
437, 0.000000E+00, 0.000000E+00
438, 8.971268E-08, 3.817506E-05
439, 1.213060E-06, 9.112204E-04
440, 1.195235E-05, 9.192462E-03
442, 1.660190E-05, 1.838492E-02
444, 1.081659E-05, 1.976821E-03
445, 2.411974E-05, 1.838492E-02
446, 2.411974E-05, 1.838492E-02
447, 2.411974E-05, 1.838492E-02
449, 2.411974E-05, 1.838492E-02
450, 1.005027E-03, 1.303677E+00
451, 3.828460E-03, 2.024264E+00
452, 2.665119E-02, 1.880777E+01
454, 4.550542E-02, 1.884455E+01
455, 5.982169E-02, 2.736779E+01
456, 9.737868E-02, 7.528627E+01
457, 9.737873E-02, 7.528627E+01
458, 9.738047E-02, 7.528627E+01
459, 9.738478E-02, 7.528627E+01
460, 9.738239E-02, 7.528397E+01
462, 9.738498E-02, 7.528627E+01
463, 9.739715E-02, 7.528397E+01
464, 9.730586E-02, 7.513689E+01
465, 9.715413E-02, 7.506335E+01
467, 9.725874E-02, 7.513689E+01
469, 9.725874E-02, 7.513689E+01
470, 9.725874E-02, 7.513689E+01
471, 9.725874E-02, 7.513689E+01
472, 9.905318E-02, 7.513689E+01
474, 1.452765E-01, 7.513689E+01
475, 5.547367E-01, 6.775742E+02
476, 6.101917E-01, 6.775742E+02
477, 7.434926E-01, 6.775742E+02
479, 1.090986E+00, 9.787927E+02
480, 1.062257E+00, 9.787927E+02
481, 1.062257E+00, 9.787927E+02
482, 1.062257E+00, 9.787927E+02
483, 1.062257E+00, 9.787927E+02
484, 1.062257E+00, 9.787927E+02
485, 1.062257E+00, 9.787927E+02
487, 1.062257E+00, 9.787927E+02
488, 1.062257E+00, 9.787927E+02
489, 1.062257E+00, 9.787927E+02
490, 1.062257E+00, 9.787927E+02
492, 1.062259E+00, 9.787927E+02
494, 1.062263E+00, 9.787927E+02
495, 1.062285E+00, 9.788479E+02
496, 1.062255E+00, 9.788111E+02
497, 1.062257E+00, 9.788295E+02
499, 1.062257E+00, 9.788295E+02
500, 1.062265E+00, 9.788295E+02
501, 1.062264E+00, 9.788387E+02
502, 1.062268E+00, 9.788387E+02
504, 1.062269E+00, 9.788387E+02
505, 1.062269E+00, 9.788387E+02
506, 1.062270E+00, 9.788387E+02
507, 1.062269E+00, 9.788387E+02
508, 1.062269E+00, 9.788387E+02
509, 1.062270E+00, 9.788387E+02
510, 1.062269E+00, 9.788387E+02
512, 1.062269E+00, 9.788387E+02
513, 1.062269E+00, 9.788387E+02
514, 1.062270E+00, 9.788387E+02
515, 1.062270E+00, 9.788387E+02
517, 1.062269E+00, 9.788387E+02
519, 1.062270E+00, 9.788387E+02
520, 1.062270E+00, 9.788387E+02
521, 1.062270E+00, 9.788387E+02
522, 1.062269E+00, 9.788387E+02
524, 1.062269E+00, 9.788387E+02
525, 1.062411E+00, 9.788387E+02
526, 1.062437E+00, 9.789903E+02
531, 1.051256E+00, 9.789880E+02
537, 9.645470E-01, 9.036834E+02
543, 9.335520E-01, 9.036834E+02
549, 9.335524E-01, 9.036834E+02
555, 8.125763E-01, 4.518555E+02
560, 1.868284E-01, 5.561357E+01
565, 1.074024E-01, 2.736442E+01
570, 1.074102E-01, 2.736442E+01
575, 1.131813E-01, 2.736442E+01
580, 1.211915E+00, 3.941135E+02
585, 1.818080E+00, 3.941360E+02
590, 2.710646E+00, 1.202530E+03
595, 3.871767E+00, 1.202566E+03
600, 0.000000E+00, 0.000000E+00
426, 0.000000E+00, 0.000000E+00
427, 0.000000E+00, 0.000000E+00
429, 0.000000E+00, 0.000000E+00
430, 0.000000E+00, 0.000000E+00
431, 0.000000E+00, 0.000000E+00
432, 0.000000E+00, 0.000000E+00
433, 0.000000E+00, 0.000000E+00
434, 0.000000E+00, 0.000000E+00
435, 0.000000E+00, 0.000000E+00
437, 0.000000E+00, 0.000000E+00
438, 2.507440E-08, 1.388142E-05
439, 4.034776E-07, 3.211886E-04
440, 2.239667E-06, 3.709925E-04
442, 5.745348E-06, 2.038952E-03
444, 1.124015E-05, 2.277510E-03
445, 1.335008E-05, 2.277510E-03
446, 1.335008E-05, 2.277510E-03
447, 1.335008E-05, 2.277510E-03
449, 1.335008E-05, 2.277510E-03
450, 2.885322E-04, 3.255537E-01
451, 2.701302E-03, 7.066911E-01
452, 1.492738E-02, 9.330956E+00
454, 2.189411E-02, 6.998787E+00
455, 3.127189E-02, 5.770005E+00
456, 2.424971E-02, 4.666616E+00
457, 2.424975E-02, 4.666616E+00
458, 2.425077E-02, 4.667185E+00
459, 2.425358E-02, 4.666616E+00
460, 2.425256E-02, 4.666900E+00
462, 2.426653E-02, 4.685120E+00
463, 2.425247E-02, 4.685405E+00
464, 2.425868E-02, 4.667185E+00
465, 2.429102E-02, 4.658075E+00
467, 2.429102E-02, 4.658075E+00
469, 2.429102E-02, 4.658075E+00
470, 2.429102E-02, 4.658075E+00
471, 2.480735E-02, 4.658075E+00
472, 2.483743E-02, 4.658075E+00
474, 3.534012E-02, 4.658075E+00
475, 1.621743E-01, 2.106029E+01
476, 2.437168E-01, 3.338403E+01
477, 4.113052E-01, 8.944704E+01
479, 5.310063E-01, 1.356184E+02
480, 3.551274E-01, 4.327573E+01
481, 3.551274E-01, 4.327573E+01
482, 3.551274E-01, 4.327573E+01
483, 3.551274E-01, 4.327573E+01
484, 3.551274E-01, 4.327573E+01
485, 3.551274E-01, 4.327573E+01
487, 3.551274E-01, 4.327573E+01
488, 3.551274E-01, 4.327573E+01
489, 3.551274E-01, 4.327573E+01
490, 3.551274E-01, 4.327573E+01
492, 3.551288E-01, 4.327573E+01
494, 3.551253E-01, 4.327573E+01
495, 3.551242E-01, 4.327714E+01
496, 3.551297E-01, 4.327151E+01
497, 3.551320E-01, 4.326869E+01
499, 3.551326E-01, 4.326728E+01
500, 3.551316E-01, 4.326728E+01
501, 3.551329E-01, 4.326869E+01
502, 3.551335E-01, 4.326728E+01
504, 3.551335E-01, 4.326728E+01
505, 3.551335E-01, 4.326869E+01
506, 3.551334E-01, 4.326869E+01
507, 3.551335E-01, 4.326869E+01
508, 3.551335E-01, 4.326869E+01
509, 3.551335E-01, 4.326869E+01
510, 3.551334E-01, 4.326869E+01
512, 3.551334E-01, 4.326869E+01
513, 3.551335E-01, 4.326869E+01
514, 3.551334E-01, 4.326869E+01
515, 3.551334E-01, 4.326869E+01
517, 3.551334E-01, 4.326869E+01
519, 3.551334E-01, 4.326869E+01
520, 3.551334E-01, 4.326869E+01
521, 3.551335E-01, 4.326869E+01
522, 3.551335E-01, 4.326869E+01
524, 3.551335E-01, 4.326869E+01
525, 3.551221E-01, 4.330145E+01
526, 3.551272E-01, 4.326833E+01
527, 3.550920E-01, 4.327925E+01
532, 3.550178E-01, 4.616567E+01
538, 3.617035E-01, 4.616567E+01
544, 3.686197E-01, 3.462284E+01
550, 3.686198E-01, 3.462284E+01
555, 4.796209E-01, 8.079417E+01
560, 1.417087E-01, 2.262448E+01
565, 6.881803E-02, 1.154001E+01
570, 6.880467E-02, 1.153437E+01
575, 1.056470E-01, 1.354186E+01
580, 8.354874E-01, 1.737833E+02
585, 1.344756E+00, 1.737833E+02
590, 1.731450E+00, 1.737833E+02
595, 2.325478E+00, 1.737833E+02
600, 0.000000E+00, 0.000000E+00
426, 0.000000E+00, 0.000000E+00
427, 0.000000E+00, 0.000000E+00
429, 0.000000E+00, 0.000000E+00
430, 0.000000E+00, 0.000000E+00
431, 0.000000E+00, 0.000000E+00
432, 0.000000E+00, 0.000000E+00
433, 0.000000E+00, 0.000000E+00
434, 0.000000E+00, 0.000000E+00
435, 0.000000E+00, 0.000000E+00
437, 0.000000E+00, 0.000000E+00
438, 6.235902E-08, 4.198507E-05
439, 1.604101E-06, 1.205473E-03
440, 3.546868E-06, 5.144443E-03
442, 1.079270E-05, 3.955814E-03
444, 9.921285E-06, 2.909338E-03
445, 8.254031E-06, 1.798071E-03
446, 8.254031E-06, 1.798071E-03
447, 8.254031E-06, 1.798071E-03
449, 1.371475E-04, 2.637161E-01
450, 4.560109E-04, 3.804966E-01
451, 5.339129E-03, 9.338903E+00
452, 1.236254E-02, 4.666434E+00
454, 2.663397E-02, 6.999649E+00
455, 1.168642E-01, 3.240603E+01
456, 1.017066E-01, 3.240603E+01
457, 7.196061E-02, 2.107164E+01
458, 7.196005E-02, 2.107164E+01
459, 7.196493E-02, 2.107164E+01
460, 7.196276E-02, 2.107293E+01
462, 7.201749E-02, 2.106907E+01
463, 7.203692E-02, 2.107164E+01
464, 7.204293E-02, 2.111280E+01
465, 7.205658E-02, 2.111280E+01
467, 7.205658E-02, 2.111280E+01
469, 7.205658E-02, 2.111280E+01
470, 7.205658E-02, 2.111280E+01
471, 7.205658E-02, 2.111280E+01
472, 7.265088E-02, 2.111280E+01
474, 8.372382E-02, 2.111280E+01
475, 5.200683E-01, 1.590098E+02
476, 4.338192E-01, 8.149027E+01
477, 8.762597E-01, 2.739724E+02
479, 7.239190E-01, 1.896859E+02
480, 8.610824E-01, 3.582589E+02
481, 8.610824E-01, 3.582589E+02
482, 8.610824E-01, 3.582589E+02
483, 8.610824E-01, 3.582589E+02
484, 8.610824E-01, 3.582589E+02
485, 8.610824E-01, 3.582589E+02
487, 8.610824E-01, 3.582589E+02
488, 8.610824E-01, 3.582589E+02
489, 8.610824E-01, 3.582589E+02
490, 8.610825E-01, 3.582589E+02
492, 8.610815E-01, 3.582589E+02
494, 8.610828E-01, 3.582589E+02
495, 8.610918E-01, 3.582589E+02
496, 8.610624E-01, 3.582486E+02
497, 8.610660E-01, 3.582538E+02
499, 8.610630E-01, 3.582486E+02
500, 8.610622E-01, 3.582486E+02
501, 8.610616E-01, 3.582486E+02
502, 8.610615E-01, 3.582538E+02
504, 8.610576E-01, 3.582435E+02
505, 8.610573E-01, 3.582486E+02
506, 8.610543E-01, 3.582435E+02
507, 8.610543E-01, 3.582435E+02
508, 8.610543E-01, 3.582435E+02
509, 8.610573E-01, 3.582486E+02
510, 8.610573E-01, 3.582486E+02
512, 8.610573E-01, 3.582486E+02
513, 8.610573E-01, 3.582486E+02
514, 8.610573E-01, 3.582486E+02
515, 8.610573E-01, 3.582486E+02
517, 8.610573E-01, 3.582486E+02
519, 8.610543E-01, 3.582435E+02
520, 8.610543E-01, 3.582435E+02
521, 8.610543E-01, 3.582435E+02
522, 8.610573E-01, 3.582486E+02
524, 8.610543E-01, 3.582435E+02
525, 8.609990E-01, 3.582036E+02
526, 8.610666E-01, 3.582473E+02
527, 8.609725E-01, 3.582422E+02
532, 8.180050E-01, 3.476716E+02
538, 7.960846E-01, 3.160642E+02
544, 1.027021E+00, 3.792791E+02
550, 1.027021E+00, 3.792791E+02
555, 8.964919E-01, 2.949927E+02
560, 3.430907E-01, 1.620539E+02
565, 2.603901E-01, 9.720227E+01
570, 2.604509E-01, 9.721809E+01
575, 5.480218E-01, 4.170841E+02
580, 2.089401E+00, 1.306411E+03
585, 2.664482E+00, 1.306416E+03
590, 3.004202E+00, 1.306333E+03
595, 4.037082E+00, 1.979288E+03
600, 0.000000E+00, 0.000000E+00
425, 0.000000E+00, 0.000000E+00
426, 0.000000E+00, 0.000000E+00
427, 0.000000E+00, 0.000000E+00
429, 0.000000E+00, 0.000000E+00
430, 0.000000E+00, 0.000000E+00
431, 0.000000E+00, 0.000000E+00
432, 0.000000E+00, 0.000000E+00
433, 0.000000E+00, 0.000000E+00
434, 0.000000E+00, 0.000000E+00
435, 0.000000E+00, 0.000000E+00
437, 0.000000E+00, 0.000000E+00
438, 2.952871E-08, 2.411050E-05
439, 2.369456E-06, 2.932152E-03
440, 8.424093E-06, 8.806235E-03
442, 1.123947E-05, 8.806235E-03
444, 1.031624E-05, 3.714457E-03
445, 1.142958E-05, 2.932152E-03
446, 1.142958E-05, 2.932152E-03
447, 1.142958E-05, 2.932152E-03
449, 1.142958E-05, 2.932152E-03
450, 1.867735E-04, 6.695574E-02
451, 3.788040E-03, 1.939168E+00
452, 1.052446E-02, 2.581951E+00
454, 3.028205E-02, 4.799626E+00
455, 6.458328E-02, 5.410551E+01
456, 4.557281E-02, 1.803517E+01
457, 4.557281E-02, 1.803517E+01
458, 4.557312E-02, 1.803517E+01
459, 4.557306E-02, 1.803517E+01
460, 4.557101E-02, 1.803517E+01
462, 4.558986E-02, 1.803517E+01
463, 4.556825E-02, 1.789647E+01
464, 4.553599E-02, 1.782602E+01
465, 4.552767E-02, 1.803737E+01
467, 4.552767E-02, 1.803737E+01
469, 4.552767E-02, 1.803737E+01
470, 4.552767E-02, 1.803737E+01
471, 4.552767E-02, 1.803737E+01
472, 4.783664E-02, 1.803737E+01
474, 1.007222E-01, 6.879275E+01
475, 2.579565E-01, 1.561033E+02
476, 5.858988E-01, 4.148068E+02
477, 6.261851E-01, 5.590880E+02
479, 5.777707E-01, 1.561033E+02
480, 4.980153E-01, 2.705254E+02
481, 4.980204E-01, 2.705342E+02
482, 4.980153E-01, 2.705254E+02
483, 4.980150E-01, 2.705254E+02
484, 4.980162E-01, 2.705254E+02
485, 4.980162E-01, 2.705254E+02
487, 4.980202E-01, 2.705342E+02
488, 4.980202E-01, 2.705342E+02
489, 4.980202E-01, 2.705342E+02
490, 4.980202E-01, 2.705342E+02
492, 4.980167E-01, 2.705342E+02
494, 4.980203E-01, 2.705430E+02
495, 4.980298E-01, 2.705430E+02
496, 4.980665E-01, 2.706047E+02
497, 4.980587E-01, 2.706047E+02
499, 4.980547E-01, 2.705959E+02
500, 4.980551E-01, 2.705959E+02
501, 4.980638E-01, 2.706135E+02
502, 4.980565E-01, 2.705959E+02
504, 4.980538E-01, 2.705959E+02
505, 4.980544E-01, 2.705959E+02
506, 4.980585E-01, 2.706047E+02
507, 4.980585E-01, 2.706047E+02
508, 4.980543E-01, 2.705959E+02
509, 4.980543E-01, 2.705959E+02
510, 4.980585E-01, 2.706047E+02
512, 4.980543E-01, 2.705959E+02
513, 4.980543E-01, 2.705959E+02
514, 4.980585E-01, 2.706047E+02
515, 4.980543E-01, 2.705959E+02
517, 4.980585E-01, 2.706047E+02
519, 4.980543E-01, 2.705959E+02
520, 4.980543E-01, 2.705959E+02
521, 4.980543E-01, 2.705959E+02
522, 4.980585E-01, 2.706047E+02
524, 4.980585E-01, 2.706047E+02
525, 4.981650E-01, 2.708094E+02
526, 4.981613E-01, 2.708072E+02
531, 4.980685E-01, 2.706069E+02
537, 4.863734E-01, 2.525629E+02
543, 5.352387E-01, 2.886332E+02
549, 5.340975E-01, 2.886332E+02
555, 8.254472E-01, 5.771957E+02
560, 1.189352E-01, 2.400555E+01
565, 9.748938E-02, 2.400261E+01
570, 9.753415E-02, 2.401141E+01
575, 1.817023E-01, 1.555892E+02
580, 2.291960E+00, 2.308458E+03
585, 2.884871E+00, 2.308458E+03
590, 3.744561E+00, 4.039843E+03
595, 1.620883E+01, 2.375036E+04
600, 0.000000E+00, 0.000000E+00
425, 0.000000E+00, 0.000000E+00
426, 0.000000E+00, 0.000000E+00
427, 0.000000E+00, 0.000000E+00
429, 0.000000E+00, 0.000000E+00
430, 0.000000E+00, 0.000000E+00
431, 0.000000E+00, 0.000000E+00
432, 0.000000E+00, 0.000000E+00
433, 0.000000E+00, 0.000000E+00
434, 0.000000E+00, 0.000000E+00
435, 0.000000E+00, 0.000000E+00
437, 0.000000E+00, 0.000000E+00
438, 3.786247E-08, 2.154674E-05
439, 1.291882E-06, 6.790343E-04
440, 4.776900E-05, 7.752914E-02
442, 4.884230E-05, 7.752914E-02
444, 1.572212E-05, 1.066495E-02
445, 2.950459E-05, 3.876457E-02
446, 2.950459E-05, 3.876457E-02
447, 2.950459E-05, 3.876457E-02
449, 9.753829E-05, 1.391969E-01
450, 6.934015E-03, 1.393982E+01
451, 6.700550E-03, 7.656301E+00
452, 2.089171E-02, 5.776780E+00
454, 6.212539E-02, 7.935107E+01
455, 2.186072E-01, 3.175205E+02
456, 2.198521E-01, 3.175206E+02
457, 2.198520E-01, 3.175206E+02
458, 2.198526E-01, 3.175206E+02
459, 2.198547E-01, 3.175206E+02
460, 2.198430E-01, 3.174818E+02
462, 2.198502E-01, 3.175109E+02
463, 2.198667E-01, 3.175109E+02
464, 2.198855E-01, 3.175109E+02
465, 2.195497E-01, 3.168907E+02
467, 2.195497E-01, 3.168907E+02
469, 2.195497E-01, 3.168907E+02
470, 2.195497E-01, 3.168907E+02
471, 2.195497E-01, 3.168907E+02
472, 2.219883E-01, 3.168907E+02
474, 2.969677E-01, 3.168907E+02
475, 5.715242E-01, 3.168907E+02
476, 1.241451E+00, 1.588466E+03
477, 1.235497E+00, 1.588466E+03
479, 1.958374E+00, 2.858703E+03
480, 1.598890E+00, 2.223584E+03
481, 1.598890E+00, 2.223584E+03
482, 1.598890E+00, 2.223584E+03
483, 1.598890E+00, 2.223584E+03
484, 1.598890E+00, 2.223584E+03
485, 1.598890E+00, 2.223584E+03
487, 1.598890E+00, 2.223584E+03
488, 1.598890E+00, 2.223584E+03
489, 1.598890E+00, 2.223584E+03
490, 1.598890E+00, 2.223584E+03
492, 1.598889E+00, 2.223584E+03
494, 1.598855E+00, 2.223507E+03
495, 1.598772E+00, 2.223429E+03
496, 1.598687E+00, 2.223274E+03
497, 1.598736E+00, 2.223352E+03
499, 1.598736E+00, 2.223352E+03
500, 1.598757E+00, 2.223390E+03
501, 1.598740E+00, 2.223352E+03
502, 1.598744E+00, 2.223352E+03
504, 1.598742E+00, 2.223352E+03
505, 1.598742E+00, 2.223352E+03
506, 1.598742E+00, 2.223352E+03
507, 1.598742E+00, 2.223352E+03
508, 1.598742E+00, 2.223352E+03
509, 1.598742E+00, 2.223352E+03
510, 1.598742E+00, 2.223352E+03
512, 1.598743E+00, 2.223352E+03
513, 1.598743E+00, 2.223352E+03
514, 1.598742E+00, 2.223352E+03
515, 1.598743E+00, 2.223352E+03
517, 1.598742E+00, 2.223352E+03
519, 1.598742E+00, 2.223352E+03
520, 1.598742E+00, 2.223352E+03
521, 1.598742E+00, 2.223352E+03
522, 1.598743E+00, 2.223352E+03
524, 1.598742E+00, 2.223352E+03
525, 1.598150E+00, 2.222421E+03
526, 1.598139E+00, 2.222441E+03
531, 1.598344E+00, 2.222722E+03
537, 1.755470E+00, 2.540281E+03
543, 1.749696E+00, 2.540281E+03
549, 1.749696E+00, 2.540281E+03
555, 8.970260E-01, 2.787621E+02
560, 2.124506E-01, 6.826071E+01
565, 1.944202E-01, 6.826349E+01
570, 1.944908E-01, 6.825516E+01
575, 2.037022E-01, 6.825238E+01
580, 9.335371E-01, 4.745747E+02
585, 7.092997E+00, 1.016202E+04
590, 7.743972E+00, 1.016202E+04
595, 8.110255E+00, 1.016201E+04
600, 0.000000E+00, 0.000000E+00
426, 0.000000E+00, 0.000000E+00
427, 0.000000E+00, 0.000000E+00
429, 0.000000E+00, 0.000000E+00
430, 0.000000E+00, 0.000000E+00
431, 0.000000E+00, 0.000000E+00
432, 0.000000E+00, 0.000000E+00
433, 0.000000E+00, 0.000000E+00
434, 0.000000E+00, 0.000000E+00
435, 0.000000E+00, 0.000000E+00
437, 0.000000E+00, 0.000000E+00
438, 1.130244E-07, 9.184233E-05
439, 1.983846E-06, 1.873962E-03
440, 6.875009E-06, 9.283130E-03
442, 7.771670E-06, 4.634985E-03
444, 2.739611E-05, 2.639150E-02
445, 2.893178E-05, 2.639150E-02
446, 2.893178E-05, 2.639150E-02
447, 2.893178E-05, 2.639150E-02
449, 2.893178E-05, 2.639150E-02
450, 1.312505E-04, 8.230878E-02
451, 3.779671E-03, 1.920810E+00
452, 2.675433E-02, 1.901185E+01
454, 1.336957E-01, 1.629135E+02
455, 1.580341E-01, 1.221851E+02
456, 9.655345E-02, 8.145673E+01
457, 2.199066E-01, 1.629135E+02
458, 2.199062E-01, 1.629135E+02
459, 2.199076E-01, 1.629135E+02
460, 2.199116E-01, 1.629035E+02
462, 2.199169E-01, 1.628986E+02
463, 2.199644E-01, 1.629085E+02
464, 2.201239E-01, 1.627696E+02
465, 2.197252E-01, 1.625903E+02
467, 2.196208E-01, 1.625903E+02
469, 2.196208E-01, 1.625903E+02
470, 2.196208E-01, 1.625903E+02
471, 2.196208E-01, 1.625903E+02
472, 2.198444E-01, 1.625903E+02
474, 2.221760E-01, 1.625903E+02
475, 1.005996E+00, 1.465898E+03
476, 1.531307E+00, 2.324128E+03
477, 1.084374E+00, 8.142442E+02
479, 1.865490E+00, 1.891729E+03
480, 1.985386E+00, 1.891729E+03
481, 1.985386E+00, 1.891729E+03
482, 1.985387E+00, 1.891729E+03
483, 1.985390E+00, 1.891729E+03
484, 1.985387E+00, 1.891729E+03
485, 1.985401E+00, 1.891729E+03
487, 1.985388E+00, 1.891729E+03
488, 1.985388E+00, 1.891729E+03
489, 1.985401E+00, 1.891729E+03
490, 1.985387E+00, 1.891729E+03
492, 1.985387E+00, 1.891729E+03
494, 1.985369E+00, 1.891676E+03
495, 1.985298E+00, 1.891571E+03
496, 1.985424E+00, 1.891782E+03
497, 1.985478E+00, 1.891782E+03
499, 1.985491E+00, 1.891782E+03
500, 1.985509E+00, 1.891808E+03
501, 1.985506E+00, 1.891808E+03
502, 1.985502E+00, 1.891782E+03
504, 1.985494E+00, 1.891808E+03
505, 1.985494E+00, 1.891808E+03
506, 1.985508E+00, 1.891808E+03
507, 1.985494E+00, 1.891808E+03
508, 1.985494E+00, 1.891808E+03
509, 1.985494E+00, 1.891808E+03
510, 1.985507E+00, 1.891808E+03
512, 1.985494E+00, 1.891808E+03
513, 1.985507E+00, 1.891808E+03
514, 1.985507E+00, 1.891808E+03
515, 1.985507E+00, 1.891808E+03
517, 1.985507E+00, 1.891808E+03
519, 1.985494E+00, 1.891808E+03
520, 1.985494E+00, 1.891808E+03
521, 1.985494E+00, 1.891808E+03
522, 1.985494E+00, 1.891808E+03
524, 1.985494E+00, 1.891808E+03
525, 1.986040E+00, 1.892237E+03
526, 1.985551E+00, 1.891815E+03
527, 1.986044E+00, 1.892217E+03
532, 1.985743E+00, 1.891795E+03
538, 1.865658E+00, 1.675596E+03
544, 1.887421E+00, 1.945845E+03
550, 1.887409E+00, 1.945845E+03
555, 2.199204E+00, 2.810642E+03
560, 1.474341E+00, 2.378244E+03
565, 3.174541E-01, 2.163047E+02
570, 3.173201E-01, 2.161991E+02
575, 3.447115E-01, 2.161991E+02
580, 4.901949E+00, 7.134572E+03
585, 6.576882E+00, 7.134572E+03
590, 6.971546E+00, 7.141328E+03
595, 7.803315E+00, 7.141330E+03
600, 0.000000E+00, 0.000000E+00
425, 0.000000E+00, 0.000000E+00
426, 0.000000E+00, 0.000000E+00
427, 0.000000E+00, 0.000000E+00
429, 0.000000E+00, 0.000000E+00
430, 0.000000E+00, 0.000000E+00
431, 0.000000E+00, 0.000000E+00
432, 0.000000E+00, 0.000000E+00
433, 0.000000E+00, 0.000000E+00
434, 0.000000E+00, 0.000000E+00
435, 0.000000E+00, 0.000000E+00
437, 0.000000E+00, 0.000000E+00
438, 3.631433E-07, 6.145115E-04
439, 1.492154E-06, 9.955093E-04
440, 4.149530E-06, 1.991019E-03
442, 1.100198E-05, 5.972660E-03
444, 1.250740E-05, 4.246745E-03
445, 8.362774E-06, 2.986330E-03
446, 8.362774E-06, 2.986330E-03
447, 8.362774E-06, 2.986330E-03
449, 8.362774E-06, 2.986330E-03
450, 1.177416E-04, 1.479157E-01
451, 3.552360E-03, 8.843383E-01
452, 1.410822E-02, 7.694970E+00
454, 2.826860E-02, 1.222902E+01
455, 2.974558E-02, 4.346546E+00
456, 3.348241E-02, 6.118993E+00
457, 3.348242E-02, 6.118993E+00
458, 3.348338E-02, 6.118993E+00
459, 3.348216E-02, 6.120486E+00
460, 3.348047E-02, 6.119739E+00
462, 3.353104E-02, 6.144377E+00
463, 3.353939E-02, 6.191411E+00
464, 3.352832E-02, 6.143630E+00
465, 3.351145E-02, 6.143630E+00
467, 3.351145E-02, 6.143630E+00
469, 3.351145E-02, 6.143630E+00
470, 3.351145E-02, 6.143630E+00
471, 3.623684E-02, 6.143630E+00
472, 3.402360E-02, 6.143630E+00
474, 4.247953E-02, 6.143630E+00
475, 1.953668E-01, 5.962052E+01
476, 3.629905E-01, 1.039997E+02
477, 5.556242E-01, 1.043664E+02
479, 4.345514E-01, 1.391558E+02
480, 4.345514E-01, 1.391558E+02
481, 4.345512E-01, 1.391558E+02
482, 4.345511E-01, 1.391558E+02
483, 4.345491E-01, 1.391536E+02
484, 4.345508E-01, 1.391558E+02
485, 4.345504E-01, 1.391558E+02
487, 4.345501E-01, 1.391558E+02
488, 4.345491E-01, 1.391536E+02
489, 4.345491E-01, 1.391536E+02
490, 4.345500E-01, 1.391558E+02
492, 4.345504E-01, 1.391558E+02
494, 4.345524E-01, 1.391451E+02
495, 4.345513E-01, 1.391515E+02
496, 4.345502E-01, 1.391451E+02
497, 4.345813E-01, 1.391579E+02
499, 4.345822E-01, 1.391600E+02
500, 4.345844E-01, 1.391579E+02
501, 4.345835E-01, 1.391579E+02
502, 4.345859E-01, 1.391621E+02
504, 4.345841E-01, 1.391600E+02
505, 4.345858E-01, 1.391621E+02
506, 4.345846E-01, 1.391600E+02
507, 4.345846E-01, 1.391600E+02
508, 4.345855E-01, 1.391621E+02
509, 4.345855E-01, 1.391621E+02
510, 4.345846E-01, 1.391600E+02
512, 4.345855E-01, 1.391621E+02
513, 4.345846E-01, 1.391600E+02
514, 4.345855E-01, 1.391621E+02
515, 4.345846E-01, 1.391600E+02
517, 4.345846E-01, 1.391600E+02
519, 4.345846E-01, 1.391600E+02
520, 4.345846E-01, 1.391600E+02
521, 4.345846E-01, 1.391600E+02
522, 4.345855E-01, 1.391621E+02
524, 4.345846E-01, 1.391600E+02
525, 4.345863E-01, 1.391616E+02
526, 4.345808E-01, 1.391446E+02
531, 4.345881E-01, 1.391616E+02
537, 4.510232E-01, 1.739509E+02
543, 4.382478E-01, 1.565563E+02
549, 4.382468E-01, 1.565541E+02
555, 6.815555E-01, 2.261350E+02
560, 2.103669E-01, 9.783217E+01
565, 1.068510E-01, 1.739892E+01
570, 1.068550E-01, 1.739255E+01
575, 5.573880E-01, 7.828425E+02
580, 9.266404E-01, 7.820780E+02
585, 1.762672E+00, 7.820780E+02
590, 2.123671E+00, 7.820780E+02
595, 2.797430E+00, 7.820781E+02
600, 0.000000E+00, 0.000000E+00
426, 0.000000E+00, 0.000000E+00
427, 0.000000E+00, 0.000000E+00
429, 0.000000E+00, 0.000000E+00
430, 0.000000E+00, 0.000000E+00
431, 0.000000E+00, 0.000000E+00
432, 0.000000E+00, 0.000000E+00
433, 0.000000E+00, 0.000000E+00
434, 0.000000E+00, 0.000000E+00
435, 0.000000E+00, 0.000000E+00
437, 0.000000E+00, 0.000000E+00
438, 1.482927E-07, 6.848120E-05
439, 1.027433E-06, 4.316153E-04
440, 3.383797E-06, 2.511756E-03
442, 7.285713E-06, 3.170396E-03
444, 1.020644E-05, 3.170396E-03
445, 7.405929E-06, 3.170396E-03
446, 7.405929E-06, 3.170396E-03
447, 7.405929E-06, 3.170396E-03
449, 7.405929E-06, 3.170396E-03
450, 2.895485E-05, 4.408909E-02
451, 3.280327E-03, 1.828865E+00
452, 8.783084E-03, 2.743298E+00
454, 3.385466E-02, 1.250619E+01
455, 5.628192E-02, 1.947575E+01
456, 5.498761E-02, 3.751858E+01
457, 5.498755E-02, 3.751858E+01
458, 5.498810E-02, 3.751858E+01
459, 5.493958E-02, 3.741782E+01
460, 5.498819E-02, 3.751858E+01
462, 5.500227E-02, 3.751858E+01
463, 5.493555E-02, 3.746667E+01
464, 5.497577E-02, 3.746667E+01
465, 5.490191E-02, 3.741782E+01
467, 5.490191E-02, 3.741782E+01
469, 5.490191E-02, 3.741782E+01
470, 5.490191E-02, 3.741782E+01
471, 5.490191E-02, 3.741782E+01
472, 5.531452E-02, 3.741782E+01
474, 6.970809E-02, 3.741782E+01
475, 5.058031E-01, 3.627803E+02
476, 4.144971E-01, 1.626812E+02
477, 6.575277E-01, 4.628300E+02
479, 4.225602E-01, 8.940770E+01
480, 4.628083E-01, 1.038392E+02
481, 4.628051E-01, 1.038392E+02
482, 4.628047E-01, 1.038392E+02
483, 4.628074E-01, 1.038392E+02
484, 4.628017E-01, 1.038360E+02
485, 4.628015E-01, 1.038360E+02
487, 4.628014E-01, 1.038360E+02
488, 4.628014E-01, 1.038360E+02
489, 4.628020E-01, 1.038360E+02
490, 4.628021E-01, 1.038360E+02
492, 4.628027E-01, 1.038360E+02
494, 4.628034E-01, 1.038360E+02
495, 4.627916E-01, 1.038297E+02
496, 4.627876E-01, 1.038233E+02
497, 4.627655E-01, 1.038170E+02
499, 4.627657E-01, 1.038170E+02
500, 4.627657E-01, 1.038170E+02
501, 4.627708E-01, 1.038201E+02
502, 4.627680E-01, 1.038170E+02
504, 4.627675E-01, 1.038170E+02
505, 4.627697E-01, 1.038170E+02
506, 4.627693E-01, 1.038170E+02
507, 4.627678E-01, 1.038170E+02
508, 4.627693E-01, 1.038170E+02
509, 4.627693E-01, 1.038170E+02
510, 4.627693E-01, 1.038170E+02
512, 4.627678E-01, 1.038170E+02
513, 4.627693E-01, 1.038170E+02
514, 4.627693E-01, 1.038170E+02
515, 4.627678E-01, 1.038170E+02
517, 4.627678E-01, 1.038170E+02
519, 4.627678E-01, 1.038170E+02
520, 4.627678E-01, 1.038170E+02
521, 4.627693E-01, 1.038170E+02
522, 4.627693E-01, 1.038170E+02
524, 4.627678E-01, 1.038170E+02
525, 4.629145E-01, 1.038685E+02
526, 4.629010E-01, 1.038685E+02
527, 4.628849E-01, 1.038669E+02
532, 4.628963E-01, 1.038685E+02
538, 4.411708E-01, 1.038685E+02
544, 4.465914E-01, 1.038685E+02
550, 4.465913E-01, 1.038685E+02
555, 6.042875E-01, 3.001791E+02
560, 1.853915E-01, 4.115762E+01
565, 1.175233E-01, 4.115762E+01
570, 1.174770E-01, 4.115259E+01
575, 1.312709E-01, 4.115259E+01
580, 1.458071E+00, 8.311004E+02
585, 2.274312E+00, 8.319120E+02
590, 2.741254E+00, 7.988271E+02
595, 3.186891E+00, 4.482533E+02
600, 0.000000E+00, 0.000000E+00
426, 0.000000E+00, 0.000000E+00
427, 0.000000E+00, 0.000000E+00
429, 0.000000E+00, 0.000000E+00
430, 0.000000E+00, 0.000000E+00
431, 0.000000E+00, 0.000000E+00
432, 0.000000E+00, 0.000000E+00
433, 0.000000E+00, 0.000000E+00
434, 0.000000E+00, 0.000000E+00
435, 0.000000E+00, 0.000000E+00
437, 0.000000E+00, 0.000000E+00
438, 4.472812E-08, 5.189596E-05
439, 4.869876E-07, 1.780483E-04
440, 4.937846E-06, 2.076679E-03
442, 5.619837E-06, 2.076679E-03
444, 6.809172E-06, 2.076679E-03
445, 6.723141E-06, 2.076679E-03
446, 6.723141E-06, 2.076679E-03
447, 6.723141E-06, 2.076679E-03
449, 6.723141E-06, 2.076679E-03
450, 2.772529E-04, 4.037108E-01
451, 1.026616E-03, 2.796566E-01
452, 1.135294E-02, 3.743543E+00
454, 1.234576E-01, 2.080843E+02
455, 7.746231E-02, 8.323372E+01
456, 7.472054E-02, 8.323374E+01
457, 7.472054E-02, 8.323374E+01
458, 7.472074E-02, 8.323374E+01
459, 7.472327E-02, 8.323882E+01
460, 7.472230E-02, 8.323374E+01
462, 7.472459E-02, 8.322866E+01
463, 7.481196E-02, 8.340138E+01
464, 7.476607E-02, 8.323882E+01
465, 7.480538E-02, 8.340138E+01
467, 7.480538E-02, 8.340138E+01
469, 7.480538E-02, 8.340138E+01
470, 7.480538E-02, 8.340138E+01
471, 7.480538E-02, 8.340138E+01
472, 7.522718E-02, 8.340138E+01
474, 1.043127E-01, 8.340138E+01
475, 4.691638E-01, 5.824682E+02
476, 4.671358E-01, 2.495336E+02
477, 4.469869E-01, 8.340154E+01
479, 1.423486E+00, 1.914208E+03
480, 7.485661E-01, 9.154033E+02
481, 7.485661E-01, 9.154033E+02
482, 7.485661E-01, 9.154033E+02
483, 7.485661E-01, 9.154033E+02
484, 7.485661E-01, 9.154033E+02
485, 7.485661E-01, 9.154033E+02
487, 7.485661E-01, 9.154033E+02
488, 7.485661E-01, 9.154033E+02
489, 7.485661E-01, 9.154033E+02
490, 7.485661E-01, 9.154033E+02
492, 7.485666E-01, 9.154033E+02
494, 7.485265E-01, 9.153220E+02
495, 7.485201E-01, 9.153220E+02
496, 7.485321E-01, 9.153220E+02
497, 7.485838E-01, 9.154439E+02
499, 7.485838E-01, 9.154439E+02
500, 7.485935E-01, 9.154642E+02
501, 7.485934E-01, 9.154642E+02
502, 7.485942E-01, 9.154642E+02
504, 7.485922E-01, 9.154642E+02
505, 7.485920E-01, 9.154642E+02
506, 7.485929E-01, 9.154642E+02
507, 7.485925E-01, 9.154642E+02
508, 7.485925E-01, 9.154642E+02
509, 7.485925E-01, 9.154642E+02
510, 7.485929E-01, 9.154642E+02
512, 7.485929E-01, 9.154642E+02
513, 7.485929E-01, 9.154642E+02
514, 7.485929E-01, 9.154642E+02
515, 7.485929E-01, 9.154642E+02
517, 7.485925E-01, 9.154642E+02
519, 7.485929E-01, 9.154642E+02
520, 7.485925E-01, 9.154642E+02
521, 7.485929E-01, 9.154642E+02
522, 7.485929E-01, 9.154642E+02
524, 7.485951E-01, 9.154693E+02
525, 7.485193E-01, 9.153068E+02
526, 7.485154E-01, 9.153169E+02
527, 7.487529E-01, 9.157945E+02
532, 6.955504E-01, 7.907813E+02
538, 6.822513E-01, 7.907813E+02
544, 7.296332E-01, 8.323981E+02
550, 7.296331E-01, 8.323981E+02
555, 4.959654E-01, 1.665286E+02
560, 2.450379E-01, 1.664065E+02
565, 1.898574E-01, 1.663659E+02
570, 1.899481E-01, 1.665284E+02
575, 2.074302E-01, 1.664472E+02
580, 7.591010E-01, 1.612451E+02
585, 2.070340E+00, 1.493310E+03
590, 2.468015E+00, 1.493310E+03
595, 3.210313E+00, 1.167569E+03
600, 0.000000E+00, 0.000000E+00
426, 0.000000E+00, 0.000000E+00
427, 0.000000E+00, 0.000000E+00
429, 0.000000E+00, 0.000000E+00
430, 0.000000E+00, 0.000000E+00
431, 0.000000E+00, 0.000000E+00
432, 0.000000E+00, 0.000000E+00
433, 0.000000E+00, 0.000000E+00
434, 0.000000E+00, 0.000000E+00
435, 0.000000E+00, 0.000000E+00
437, 0.000000E+00, 0.000000E+00
438, 1.090161E-07, 2.010616E-04
439, 2.366814E-06, 3.528086E-03
440, 5.744381E-05, 1.062985E-01
442, 1.137245E-05, 1.246728E-02
444, 1.216301E-04, 2.125970E-01
445, 6.233638E-05, 1.062985E-01
446, 6.233638E-05, 1.062985E-01
447, 6.233638E-05, 1.062985E-01
449, 6.233638E-05, 1.062985E-01
450, 1.206658E-04, 1.062985E-01
451, 1.615763E-02, 2.553924E+01
452, 1.480963E-02, 5.052678E+00
454, 2.593358E-01, 4.352922E+02
455, 2.663430E-01, 4.355052E+02
456, 2.906102E-01, 4.355052E+02
457, 2.906101E-01, 4.355052E+02
458, 2.906108E-01, 4.355052E+02
459, 2.905862E-01, 4.354520E+02
460, 2.906127E-01, 4.355052E+02
462, 2.905786E-01, 4.354520E+02
463, 2.906175E-01, 4.354786E+02
464, 2.906671E-01, 4.354786E+02
465, 2.901023E-01, 4.346282E+02
467, 2.901023E-01, 4.346282E+02
469, 2.901023E-01, 4.346282E+02
470, 2.901023E-01, 4.346282E+02
471, 2.901023E-01, 4.346282E+02
472, 2.934012E-01, 4.346282E+02
474, 3.046770E-01, 4.346282E+02
475, 4.266290E-01, 4.346282E+02
476, 6.923869E-01, 4.346282E+02
477, 1.697795E+00, 2.176220E+03
479, 9.302602E-01, 4.346257E+02
480, 4.046506E+00, 6.531750E+03
481, 4.046507E+00, 6.531750E+03
482, 4.046507E+00, 6.531750E+03
483, 4.046507E+00, 6.531750E+03
484, 4.046509E+00, 6.531750E+03
485, 4.046510E+00, 6.531750E+03
487, 4.046566E+00, 6.531856E+03
488, 4.046566E+00, 6.531856E+03
489, 4.046510E+00, 6.531750E+03
490, 4.046565E+00, 6.531856E+03
492, 4.046566E+00, 6.531856E+03
494, 4.046562E+00, 6.531856E+03
495, 4.046686E+00, 6.532069E+03
496, 4.046342E+00, 6.531431E+03
497, 4.046248E+00, 6.531325E+03
499, 4.046248E+00, 6.531325E+03
500, 4.046241E+00, 6.531325E+03
501, 4.046244E+00, 6.531325E+03
502, 4.046296E+00, 6.531431E+03
504, 4.046297E+00, 6.531431E+03
505, 4.046242E+00, 6.531325E+03
506, 4.046241E+00, 6.531325E+03
507, 4.046241E+00, 6.531325E+03
508, 4.046241E+00, 6.531325E+03
509, 4.046298E+00, 6.531431E+03
510, 4.046298E+00, 6.531431E+03
512, 4.046241E+00, 6.531325E+03
513, 4.046241E+00, 6.531325E+03
514, 4.046241E+00, 6.531325E+03
515, 4.046241E+00, 6.531325E+03
517, 4.046298E+00, 6.531431E+03
519, 4.046298E+00, 6.531431E+03
520, 4.046298E+00, 6.531431E+03
521, 4.046241E+00, 6.531325E+03
522, 4.046241E+00, 6.531325E+03
524, 4.046241E+00, 6.531325E+03
525, 4.046734E+00, 6.532255E+03
526, 4.045394E+00, 6.529730E+03
527, 4.045691E+00, 6.530448E+03
532, 4.088661E+00, 6.530448E+03
538, 4.393546E+00, 6.965847E+03
544, 4.421877E+00, 6.965953E+03
550, 4.421821E+00, 6.965847E+03
555, 3.172294E+00, 5.224254E+03
560, 1.077105E+00, 1.742123E+03
565, 1.716109E-01, 1.021133E+02
570, 1.718794E-01, 1.021320E+02
575, 1.871264E-01, 1.021382E+02
580, 8.415296E-01, 1.289691E+02
585, 2.160015E+00, 4.768914E+02
590, 9.258407E+00, 1.393435E+04
595, 1.071698E+01, 1.393382E+04
600, 0.000000E+00, 0.000000E+00
426, 0.000000E+00, 0.000000E+00
427, 0.000000E+00, 0.000000E+00
429, 0.000000E+00, 0.000000E+00
430, 0.000000E+00, 0.000000E+00
431, 0.000000E+00, 0.000000E+00
432, 0.000000E+00, 0.000000E+00
433, 0.000000E+00, 0.000000E+00
434, 0.000000E+00, 0.000000E+00
435, 0.000000E+00, 0.000000E+00
437, 0.000000E+00, 0.000000E+00
438, 1.976973E-08, 1.577964E-05
439, 3.082048E-07, 1.064633E-04
440, 4.558231E-06, 3.526411E-03
442, 4.640801E-06, 4.469505E-04
444, 9.271756E-06, 3.526411E-03
445, 1.236099E-05, 6.156940E-03
446, 1.236099E-05, 6.156940E-03
447, 1.236099E-05, 6.156940E-03
449, 1.236099E-05, 6.156940E-03
450, 2.008274E-04, 1.945442E-01
451, 2.766198E-03, 1.572402E+00
452, 2.785017E-02, 3.783440E+01
454, 3.313514E-02, 2.166275E+01
455, 4.097335E-02, 1.437693E+01
456, 5.601255E-02, 2.522498E+01
457, 4.192500E-02, 2.156714E+01
458, 5.601224E-02, 2.522498E+01
459, 5.601174E-02, 2.522498E+01
460, 5.603377E-02, 2.522806E+01
462, 5.604885E-02, 2.527270E+01
463, 5.601719E-02, 2.527424E+01
464, 5.594668E-02, 2.517573E+01
465, 5.593848E-02, 2.517573E+01
467, 5.593848E-02, 2.517573E+01
469, 5.593848E-02, 2.517573E+01
470, 5.593848E-02, 2.517573E+01
471, 5.593848E-02, 2.517573E+01
472, 1.322967E-01, 1.765749E+02
474, 7.381999E-02, 2.517573E+01
475, 2.177186E-01, 7.935390E+01
476, 4.962726E-01, 2.774502E+02
477, 6.774969E-01, 2.774503E+02
479, 6.182486E-01, 3.783256E+02
480, 7.983433E-01, 3.682375E+02
481, 7.983432E-01, 3.682375E+02
482, 7.983424E-01, 3.682375E+02
483, 7.983408E-01, 3.682375E+02
484, 7.983383E-01, 3.682340E+02
485, 7.983393E-01, 3.682375E+02
487, 7.983372E-01, 3.682340E+02
488, 7.983372E-01, 3.682340E+02
489, 7.983392E-01, 3.682375E+02
490, 7.983372E-01, 3.682340E+02
492, 7.983367E-01, 3.682340E+02
494, 7.983211E-01, 3.682693E+02
495, 7.983312E-01, 3.682587E+02
496, 7.983592E-01, 3.682657E+02
497, 7.983692E-01, 3.682622E+02
499, 7.983692E-01, 3.682622E+02
500, 7.983853E-01, 3.682693E+02
501, 7.983738E-01, 3.682622E+02
502, 7.983792E-01, 3.682657E+02
504, 7.983790E-01, 3.682657E+02
505, 7.983768E-01, 3.682693E+02
506, 7.983767E-01, 3.682693E+02
507, 7.983767E-01, 3.682693E+02
508, 7.983767E-01, 3.682693E+02
509, 7.983767E-01, 3.682693E+02
510, 7.983748E-01, 3.682657E+02
512, 7.983767E-01, 3.682693E+02
513, 7.983767E-01, 3.682693E+02
514, 7.983767E-01, 3.682693E+02
515, 7.983767E-01, 3.682693E+02
517, 7.983767E-01, 3.682693E+02
519, 7.983748E-01, 3.682657E+02
520, 7.983767E-01, 3.682693E+02
521, 7.983748E-01, 3.682657E+02
522, 7.983767E-01, 3.682693E+02
524, 7.983748E-01, 3.682657E+02
525, 7.984317E-01, 3.682693E+02
526, 7.985343E-01, 3.683230E+02
527, 7.985671E-01, 3.682675E+02
532, 7.986116E-01, 3.683512E+02
538, 7.599966E-01, 3.683548E+02
544, 6.024591E-01, 2.889083E+02
550, 6.024591E-01, 2.889083E+02
555, 5.839119E-01, 2.311315E+02
560, 2.985452E-01, 1.512946E+02
565, 2.460168E-01, 1.512945E+02
570, 2.460609E-01, 1.513068E+02
575, 2.581814E-01, 1.512822E+02
580, 1.698921E+00, 1.765287E+03
585, 2.336283E+00, 1.765287E+03
590, 2.755652E+00, 1.765287E+03
595, 3.209593E+00, 5.547834E+02
600, 0.000000E+00, 0.000000E+00
425, 0.000000E+00, 0.000000E+00
426, 0.000000E+00, 0.000000E+00
427, 0.000000E+00, 0.000000E+00
429, 0.000000E+00, 0.000000E+00
430, 0.000000E+00, 0.000000E+00
431, 0.000000E+00, 0.000000E+00
432, 0.000000E+00, 0.000000E+00
433, 0.000000E+00, 0.000000E+00
434, 0.000000E+00, 0.000000E+00
435, 0.000000E+00, 0.000000E+00
437, 0.000000E+00, 0.000000E+00
438, 4.219020E-08, 2.773625E-05
439, 6.665507E-07, 2.417305E-04
440, 4.480214E-06, 1.958467E-03
442, 6.528385E-06, 2.944462E-03
444, 3.343788E-05, 2.407450E-02
445, 8.191646E-06, 1.985224E-03
446, 8.191646E-06, 1.985224E-03
447, 8.191646E-06, 1.985224E-03
449, 8.191646E-06, 1.985224E-03
450, 1.468192E-04, 1.908971E-01
451, 2.216421E-03, 6.619555E-01
452, 8.333799E-02, 1.479138E+02
454, 5.356672E-02, 4.930463E+01
455, 7.283722E-02, 4.930458E+01
456, 4.102933E-02, 1.601755E+01
457, 4.102934E-02, 1.601755E+01
458, 4.103015E-02, 1.601755E+01
459, 4.104009E-02, 1.601755E+01
460, 4.103069E-02, 1.601657E+01
462, 4.112286E-02, 1.601657E+01
463, 4.123578E-02, 1.601657E+01
464, 4.107362E-02, 1.607914E+01
465, 4.107362E-02, 1.607914E+01
467, 4.107362E-02, 1.607914E+01
469, 4.107362E-02, 1.607914E+01
470, 4.107362E-02, 1.607914E+01
471, 4.292143E-02, 1.607914E+01
472, 4.283909E-01, 7.888792E+02
474, 8.025377E-02, 2.222935E+01
475, 3.853730E-01, 3.364302E+02
476, 8.778632E-01, 7.888792E+02
477, 1.583042E+00, 1.577753E+03
479, 1.977526E+00, 1.577753E+03
480, 1.977526E+00, 1.577753E+03
481, 1.977524E+00, 1.577753E+03
482, 1.977523E+00, 1.577753E+03
483, 1.977524E+00, 1.577753E+03
484, 1.977519E+00, 1.577753E+03
485, 1.977508E+00, 1.577728E+03
487, 1.977508E+00, 1.577728E+03
488, 1.977508E+00, 1.577728E+03
489, 1.977518E+00, 1.577753E+03
490, 1.977508E+00, 1.577728E+03
492, 1.977517E+00, 1.577753E+03
494, 1.977537E+00, 1.577753E+03
495, 1.977555E+00, 1.577753E+03
496, 1.977611E+00, 1.577753E+03
497, 1.977376E+00, 1.577536E+03
499, 1.977389E+00, 1.577560E+03
500, 1.977386E+00, 1.577536E+03
501, 1.977397E+00, 1.577560E+03
502, 1.977392E+00, 1.577560E+03
504, 1.977395E+00, 1.577560E+03
505, 1.977392E+00, 1.577560E+03
506, 1.977382E+00, 1.577536E+03
507, 1.977392E+00, 1.577560E+03
508, 1.977382E+00, 1.577536E+03
509, 1.977392E+00, 1.577560E+03
510, 1.977382E+00, 1.577536E+03
512, 1.977392E+00, 1.577560E+03
513, 1.977392E+00, 1.577560E+03
514, 1.977382E+00, 1.577536E+03
515, 1.977392E+00, 1.577560E+03
517, 1.977382E+00, 1.577536E+03
519, 1.977392E+00, 1.577560E+03
520, 1.977392E+00, 1.577560E+03
521, 1.977382E+00, 1.577536E+03
522, 1.977382E+00, 1.577536E+03
524, 1.977093E+00, 1.577175E+03
525, 1.977192E+00, 1.577566E+03
526, 1.977299E+00, 1.577542E+03
531, 1.977199E+00, 1.577530E+03
537, 1.838328E+00, 1.380311E+03
543, 2.087142E+00, 1.774748E+03
549, 1.743053E+00, 1.380336E+03
555, 1.416459E+00, 9.858750E+02
560, 3.722761E-01, 1.974110E+02
565, 3.110459E-01, 1.974351E+02
570, 3.108759E-01, 1.973388E+02
575, 3.222806E-01, 1.972184E+02
580, 4.985818E+00, 6.508205E+03
585, 6.345834E+00, 6.508229E+03
590, 5.791657E+00, 4.930482E+03
595, 6.828843E+00, 4.930458E+03
600, 0.000000E+00, 0.000000E+00
425, 0.000000E+00, 0.000000E+00
426, 0.000000E+00, 0.000000E+00
427, 0.000000E+00, 0.000000E+00
429, 0.000000E+00, 0.000000E+00
430, 0.000000E+00, 0.000000E+00
431, 0.000000E+00, 0.000000E+00
432, 0.000000E+00, 0.000000E+00
433, 0.000000E+00, 0.000000E+00
434, 0.000000E+00, 0.000000E+00
435, 0.000000E+00, 0.000000E+00
437, 0.000000E+00, 0.000000E+00
438, 4.360799E-07, 3.831768E-04
439, 1.847579E-06, 1.103929E-03
440, 6.772654E-06, 3.357841E-03
442, 7.048093E-06, 1.793415E-03
444, 1.782677E-05, 4.602953E-03
445, 1.713713E-05, 4.602953E-03
446, 1.713713E-05, 4.602953E-03
447, 1.713713E-05, 4.602953E-03
449, 5.565672E-05, 7.883033E-02
450, 3.426543E-04, 3.120596E-01
451, 1.803481E-03, 5.873246E-01
452, 1.881827E-02, 4.935472E+00
454, 5.624309E-02, 3.771200E+01
455, 3.578171E-02, 1.375036E+01
456, 4.512953E-02, 1.885829E+01
457, 4.512661E-02, 1.885829E+01
458, 4.512923E-02, 1.885829E+01
459, 4.512955E-02, 1.885829E+01
460, 4.516593E-02, 1.889282E+01
462, 4.518466E-02, 1.885714E+01
463, 4.518557E-02, 1.889627E+01
464, 4.514203E-02, 1.882262E+01
465, 4.518456E-02, 1.878580E+01
467, 4.518456E-02, 1.878580E+01
469, 4.518456E-02, 1.878580E+01
470, 4.518456E-02, 1.878580E+01
471, 4.518456E-02, 1.878580E+01
472, 4.607656E-02, 1.878580E+01
474, 7.806570E-02, 1.878580E+01
475, 4.055855E-01, 2.062562E+02
476, 7.919322E-01, 4.234824E+02
477, 8.150967E-01, 3.582882E+02
479, 6.357893E-01, 2.117735E+02
480, 1.135020E+00, 4.337029E+02
481, 1.135020E+00, 4.337029E+02
482, 1.135021E+00, 4.337029E+02
483, 1.135024E+00, 4.337029E+02
484, 1.135026E+00, 4.337075E+02
485, 1.135027E+00, 4.337029E+02
487, 1.135027E+00, 4.337029E+02
488, 1.135027E+00, 4.337029E+02
489, 1.135027E+00, 4.337029E+02
490, 1.135027E+00, 4.337075E+02
492, 1.135025E+00, 4.337029E+02
494, 1.135028E+00, 4.337029E+02
495, 1.135047E+00, 4.337259E+02
496, 1.135052E+00, 4.336983E+02
497, 1.135051E+00, 4.337075E+02
499, 1.135051E+00, 4.337075E+02
500, 1.135061E+00, 4.337121E+02
501, 1.135053E+00, 4.337029E+02
502, 1.135058E+00, 4.337075E+02
504, 1.135056E+00, 4.337075E+02
505, 1.135057E+00, 4.337075E+02
506, 1.135057E+00, 4.337075E+02
507, 1.135057E+00, 4.337075E+02
508, 1.135057E+00, 4.337075E+02
509, 1.135058E+00, 4.337121E+02
510, 1.135057E+00, 4.337075E+02
512, 1.135057E+00, 4.337075E+02
513, 1.135057E+00, 4.337075E+02
514, 1.135057E+00, 4.337075E+02
515, 1.135058E+00, 4.337121E+02
517, 1.135057E+00, 4.337075E+02
519, 1.135057E+00, 4.337075E+02
520, 1.135058E+00, 4.337121E+02
521, 1.135058E+00, 4.337121E+02
522, 1.134995E+00, 4.336338E+02
524, 1.134941E+00, 4.336373E+02
525, 1.134890E+00, 4.336350E+02
526, 1.134903E+00, 4.335982E+02
531, 1.134803E+00, 4.336396E+02
537, 1.114065E+00, 4.147859E+02
543, 1.100029E+00, 4.902007E+02
549, 9.974400E-01, 4.524933E+02
555, 6.436334E-01, 2.470023E+02
560, 2.006112E-01, 3.948859E+01
565, 1.631272E-01, 3.528482E+01
570, 1.631971E-01, 3.529343E+01
575, 1.765478E-01, 3.529343E+01
580, 1.027062E+00, 2.746238E+02
585, 1.893463E+00, 3.013285E+02
590, 2.593728E+00, 6.033137E+02
595, 6.947416E+00, 6.133638E+03
600, 0.000000E+00, 0.000000E+00
