freq, min_avg, max, min, illegal, max_avg
437, 0.000000, 0, 0, 0, 0.000000
438, 0.000000, 0, 0, 0, 0.000000
439, 0.000000, 0, 0, 0, 0.000000
440, 0.000000, 0, 0, 0, 0.000000
442, 0.000000, 0, 0, 0, 0.000000
444, 0.000000, 0, 0, 0, 0.000000
445, 0.000000, 0, 0, 0, 0.000000
446, 0.000000, 0, 0, 0, 0.000000
447, 0.000000, 0, 0, 0, 0.000000
449, 32.000000, 32, 32, 0, 32.000000
450, 32.000000, 32, 32, 0, 32.000000
451, 32.000000, 32, 32, 0, 32.000000
452, 32.000000, 32, 32, 0, 32.000000
454, 32.000000, 32, 32, 0, 32.000000
455, 32.000000, 32, 32, 0, 32.000000
456, 32.000000, 32, 32, 0, 32.000000
457, 32.000000, 32, 32, 0, 32.000000
458, 31.966387, 32, 31, 0, 32.000000
459, 31.966387, 32, 31, 0, 32.000000
460, 31.916667, 32, 31, 0, 32.000000
462, 31.819549, 32, 31, 0, 31.992481
463, 31.575342, 32, 31, 0, 31.958904
464, 31.529412, 32, 31, 0, 31.935294
465, 31.468750, 32, 31, 0, 31.875000
467, 31.459716, 32, 31, 0, 31.834123
469, 31.478049, 32, 31, 0, 31.863415
470, 31.294931, 32, 31, 0, 31.834101
471, 31.229730, 32, 31, 0, 31.819820
472, 31.096491, 32, 31, 0, 31.793860
474, 31.065637, 32, 31, 0, 31.729730
475, 31.021739, 32, 31, 0, 31.684783
476, 31.027304, 32, 31, 0, 31.648464
477, 31.023490, 32, 31, 0, 31.637584
479, 31.024823, 32, 31, 0, 31.652482
480, 31.027778, 32, 31, 0, 31.642361
481, 31.026846, 32, 31, 0, 31.620805
482, 31.027119, 32, 31, 0, 31.627119
483, 31.028939, 32, 31, 0, 31.598071
484, 30.391304, 32, 6, 0, 31.136232
485, 25.006977, 32, 6, 0, 26.279070
487, 20.398261, 32, 6, 0, 22.401739
488, 14.758342, 32, 6, 0, 17.413549
489, 14.137184, 32, 6, 0, 17.127256
490, 13.055732, 32, 6, 0, 16.065287
492, 12.992266, 32, 6, 0, 16.315545
494, 12.282069, 32, 6, 0, 15.506733
495, 12.145618, 32, 6, 0, 15.699793
496, 12.159582, 32, 6, 0, 15.432753
497, 12.072207, 32, 6, 0, 15.333787
499, 11.973737, 32, 6, 0, 15.564310
500, 11.047309, 32, 6, 0, 14.895328
501, 10.781479, 32, 6, 0, 14.784303
502, 10.511025, 32, 6, 0, 14.465821
504, 10.417373, 32, 6, 0, 14.540784
505, 9.856290, 32, 6, 0, 14.645450
506, 9.858556, 32, 6, 0, 14.764590
507, 9.830291, 32, 6, 0, 14.790824
508, 9.823471, 32, 6, 0, 14.783531
509, 9.853767, 32, 6, 0, 14.819793
510, 9.854259, 32, 6, 0, 14.819793
512, 9.959863, 32, 6, 0, 15.021537
513, 9.951589, 32, 6, 0, 15.059169
514, 9.882728, 32, 6, 0, 14.861629
515, 9.949194, 32, 2, 0, 15.077186
517, 9.752924, 32, 2, 0, 14.923002
519, 9.566966, 32, 2, 0, 15.275911
520, 9.215814, 32, 2, 0, 15.586977
521, 9.403292, 32, 2, 0, 16.165524
522, 9.577847, 32, 2, 0, 16.802046
524, 9.564566, 32, 2, 0, 16.986778
525, 9.659520, 32, 2, 0, 17.844768
526, 9.737223, 32, 2, 0, 19.157581
527, 9.671285, 32, 1, 0, 19.619228
529, 9.613750, 32, 1, 0, 20.984167
530, 9.461762, 32, 1, 0, 21.864921
531, 9.203131, 32, 1, 0, 21.656366
532, 8.935272, 32, 1, 0, 21.752151
533, 8.873516, 32, 1, 0, 22.108473
534, 8.684060, 32, 1, 0, 21.822666
535, 8.639159, 32, 1, 0, 21.963997
537, 8.551822, 32, 1, 0, 21.991498
543, 7.814040, 32, 1, 0, 21.702763
549, 7.787964, 32, 1, 0, 23.203289
555, 7.302561, 32, 1, 0, 23.336927
560, 7.390538, 32, 1, 0, 24.053834
565, 6.363286, 32, 1, 0, 23.694543
570, 5.771477, 32, 1, 0, 23.507861
575, 5.658839, 32, 1, 0, 24.141700
580, 4.747190, 32, 1, 0, 24.371242
585, 3.964974, 32, 1, 0, 25.167876
590, 3.899234, 32, 1, 0, 26.667325
595, 3.932432, 32, 1, 0, 28.122113
600, 0.000000, 0, 0, 0, 0.000000
438, 0.000000, 0, 0, 0, 0.000000
439, 0.000000, 0, 0, 0, 0.000000
440, 0.000000, 0, 0, 0, 0.000000
442, 0.000000, 0, 0, 0, 0.000000
444, 0.000000, 0, 0, 0, 0.000000
445, 0.000000, 0, 0, 0, 0.000000
446, 0.000000, 0, 0, 0, 0.000000
447, 0.000000, 0, 0, 0, 0.000000
449, 32.000000, 32, 32, 0, 32.000000
450, 32.000000, 32, 32, 0, 32.000000
451, 32.000000, 32, 32, 0, 32.000000
452, 32.000000, 32, 32, 0, 32.000000
454, 32.000000, 32, 32, 0, 32.000000
455, 32.000000, 32, 32, 0, 32.000000
456, 32.000000, 32, 32, 0, 32.000000
457, 32.000000, 32, 32, 0, 32.000000
458, 32.000000, 32, 32, 0, 32.000000
459, 31.983871, 32, 31, 0, 32.000000
460, 31.967742, 32, 31, 0, 32.000000
462, 31.850394, 32, 31, 0, 32.000000
463, 31.625806, 32, 31, 0, 31.974194
464, 31.531429, 32, 31, 0, 31.931429
465, 31.497326, 32, 31, 0, 31.914439
467, 31.515957, 32, 31, 0, 31.909574
469, 31.419214, 32, 31, 0, 31.803493
470, 31.281513, 32, 31, 0, 31.781513
471, 31.200913, 32, 31, 0, 31.821918
472, 31.157258, 32, 31, 0, 31.758065
474, 31.076923, 32, 31, 0, 31.773504
475, 31.028369, 32, 31, 0, 31.673759
476, 31.022472, 32, 31, 0, 31.681648
477, 31.020478, 32, 31, 0, 31.645051
479, 31.028369, 32, 31, 0, 31.656028
480, 31.024648, 32, 31, 0, 31.647887
481, 31.022951, 32, 31, 0, 31.622951
482, 31.029605, 32, 31, 0, 31.611842
483, 30.957055, 32, 6, 0, 31.539877
484, 28.127778, 32, 6, 0, 28.922222
485, 22.919847, 32, 6, 0, 24.312977
487, 20.746032, 32, 6, 0, 22.451499
488, 15.259534, 32, 6, 0, 17.739407
489, 13.831843, 32, 6, 0, 16.576923
490, 13.100475, 32, 6, 0, 16.091772
492, 12.916095, 32, 6, 0, 16.299008
494, 12.257884, 32, 6, 0, 15.777856
495, 12.173883, 32, 6, 0, 15.456704
496, 12.146308, 32, 6, 0, 15.696342
497, 12.021233, 32, 6, 0, 15.336986
499, 11.813209, 32, 6, 0, 15.156104
500, 11.339286, 32, 6, 0, 14.745690
501, 10.850430, 32, 6, 0, 14.821203
502, 10.558152, 32, 6, 0, 14.437952
504, 10.443859, 32, 6, 0, 14.864523
505, 10.029266, 32, 6, 0, 14.903770
506, 9.957802, 32, 6, 0, 15.011286
507, 9.854259, 32, 6, 0, 14.812900
508, 9.843350, 32, 6, 0, 14.811330
509, 9.962310, 32, 6, 0, 15.055311
510, 9.962310, 32, 6, 0, 15.055311
512, 9.959863, 32, 6, 0, 15.055311
513, 9.948605, 32, 6, 0, 15.053842
514, 9.970717, 32, 6, 0, 15.075159
515, 9.820764, 32, 2, 0, 14.880509
517, 9.874211, 32, 2, 0, 14.961146
519, 9.550454, 32, 2, 0, 15.161645
520, 9.427523, 32, 2, 0, 16.099083
521, 9.156307, 32, 2, 0, 15.936015
522, 9.516043, 32, 2, 0, 16.798574
524, 9.500220, 32, 2, 0, 17.011459
525, 9.696344, 32, 2, 0, 17.709247
526, 9.720238, 32, 2, 0, 18.590986
527, 9.651880, 32, 1, 0, 19.740600
529, 9.673486, 32, 1, 0, 20.255950
530, 9.627027, 32, 1, 0, 21.723077
531, 9.283711, 32, 1, 0, 21.666392
532, 9.221126, 32, 1, 0, 21.702836
533, 8.821122, 32, 1, 0, 21.732706
534, 8.819512, 32, 1, 0, 21.914634
535, 8.602277, 32, 1, 0, 21.913786
537, 8.580422, 32, 1, 0, 22.207555
538, 8.397663, 32, 1, 0, 22.094682
539, 8.260504, 32, 1, 0, 22.308523
545, 7.820560, 32, 1, 0, 21.803611
550, 7.650442, 32, 1, 0, 23.373383
555, 7.339508, 32, 1, 0, 23.425396
560, 7.482419, 32, 1, 0, 23.966480
565, 6.701923, 32, 1, 0, 23.776743
570, 5.983492, 32, 1, 0, 23.423895
575, 5.726953, 32, 1, 0, 24.082725
580, 4.859691, 32, 1, 0, 24.428534
585, 4.057193, 32, 1, 0, 25.059713
590, 4.045949, 32, 1, 0, 26.518281
595, 4.069202, 32, 1, 0, 28.028221
600, 0.000000, 0, 0, 0, 0.000000
437, 0.000000, 0, 0, 0, 0.000000
438, 0.000000, 0, 0, 0, 0.000000
439, 0.000000, 0, 0, 0, 0.000000
440, 0.000000, 0, 0, 0, 0.000000
442, 0.000000, 0, 0, 0, 0.000000
444, 0.000000, 0, 0, 0, 0.000000
445, 0.000000, 0, 0, 0, 0.000000
446, 0.000000, 0, 0, 0, 0.000000
447, 0.000000, 0, 0, 0, 0.000000
449, 32.000000, 32, 32, 0, 32.000000
450, 32.000000, 32, 32, 0, 32.000000
451, 32.000000, 32, 32, 0, 32.000000
452, 32.000000, 32, 32, 0, 32.000000
454, 32.000000, 32, 32, 0, 32.000000
455, 32.000000, 32, 32, 0, 32.000000
456, 32.000000, 32, 32, 0, 32.000000
457, 32.000000, 32, 32, 0, 32.000000
458, 32.000000, 32, 32, 0, 32.000000
459, 31.983333, 32, 31, 0, 32.000000
460, 31.861538, 32, 31, 0, 32.000000
462, 31.825758, 32, 31, 0, 32.000000
463, 31.578616, 32, 31, 0, 31.968553
464, 31.522989, 32, 31, 0, 31.925287
465, 31.502618, 32, 31, 0, 31.916230
467, 31.507692, 32, 31, 0, 31.887179
469, 31.432692, 32, 31, 0, 31.860577
470, 31.273148, 32, 31, 0, 31.828704
471, 31.199095, 32, 31, 0, 31.814480
472, 31.114537, 32, 31, 0, 31.806167
474, 31.072340, 32, 31, 0, 31.774468
475, 31.028674, 32, 31, 0, 31.681004
476, 31.025641, 32, 31, 0, 31.673993
477, 31.021661, 32, 31, 0, 31.660650
479, 31.025000, 32, 31, 0, 31.657143
480, 31.029508, 32, 31, 0, 31.629508
481, 31.031034, 32, 31, 0, 31.641379
482, 31.022654, 32, 31, 0, 31.614887
483, 30.515152, 32, 6, 0, 31.175758
484, 29.246377, 32, 6, 0, 29.997101
485, 24.008475, 32, 6, 0, 25.512712
487, 20.369863, 32, 6, 0, 22.184932
488, 15.412417, 32, 6, 0, 18.151885
489, 13.688987, 32, 6, 0, 16.574449
490, 13.487866, 32, 6, 0, 16.344770
492, 13.143315, 32, 6, 0, 16.149720
494, 12.315302, 32, 6, 0, 15.546619
495, 12.146308, 32, 6, 0, 15.699793
496, 12.145618, 32, 6, 0, 15.700483
497, 12.125782, 32, 6, 0, 15.411397
499, 11.840985, 32, 6, 0, 15.474385
500, 11.299814, 32, 6, 0, 14.778399
501, 10.884457, 32, 6, 0, 14.513196
502, 10.525584, 32, 6, 0, 14.468298
504, 10.365789, 32, 6, 0, 14.757368
505, 9.894053, 32, 6, 0, 14.723138
506, 9.833415, 32, 6, 0, 14.762937
507, 9.952498, 32, 6, 0, 15.042605
508, 9.843350, 32, 6, 0, 14.808374
509, 9.853767, 32, 6, 0, 14.819793
510, 9.821006, 32, 6, 0, 14.807199
512, 9.960842, 32, 6, 0, 15.034263
513, 9.976074, 32, 6, 0, 15.059082
514, 9.982430, 32, 6, 0, 15.086384
515, 9.943332, 32, 2, 0, 15.035662
517, 9.871622, 32, 2, 0, 15.250000
519, 9.526039, 32, 2, 0, 15.304826
520, 9.281932, 32, 2, 0, 15.820715
521, 9.441000, 32, 2, 0, 15.776955
522, 9.558389, 32, 2, 0, 16.795526
524, 9.746080, 32, 2, 0, 17.303571
525, 9.730736, 32, 2, 0, 18.454195
526, 9.762473, 32, 2, 0, 18.806823
527, 9.664432, 32, 2, 0, 19.962296
529, 9.675417, 32, 1, 0, 20.836667
530, 9.608804, 32, 1, 0, 21.808970
531, 9.289376, 32, 1, 0, 21.903679
532, 9.142388, 32, 1, 0, 21.680345
533, 8.902698, 32, 1, 0, 21.756337
534, 8.674949, 32, 1, 0, 21.850102
535, 8.670330, 32, 1, 0, 22.189255
537, 8.561610, 32, 1, 0, 22.235055
543, 7.843844, 32, 1, 0, 21.767267
549, 7.849215, 32, 1, 0, 23.390925
555, 7.311426, 32, 1, 0, 23.367037
560, 7.378405, 32, 1, 0, 24.371185
565, 6.526032, 32, 1, 0, 23.829443
570, 5.764557, 32, 1, 0, 23.625598
575, 5.508014, 32, 1, 0, 24.293127
580, 4.948258, 32, 1, 0, 24.354654
585, 4.047321, 32, 1, 0, 25.481222
590, 3.901878, 32, 1, 0, 26.656204
595, 4.081432, 32, 1, 0, 27.960755
600, 0.000000, 0, 0, 0, 0.000000
435, 0.000000, 0, 0, 0, 0.000000
437, 0.000000, 0, 0, 0, 0.000000
438, 0.000000, 0, 0, 0, 0.000000
439, 0.000000, 0, 0, 0, 0.000000
440, 0.000000, 0, 0, 0, 0.000000
442, 0.000000, 0, 0, 0, 0.000000
444, 0.000000, 0, 0, 0, 0.000000
445, 0.000000, 0, 0, 0, 0.000000
446, 0.000000, 0, 0, 0, 0.000000
447, 0.000000, 0, 0, 0, 0.000000
449, 32.000000, 32, 32, 0, 32.000000
450, 32.000000, 32, 32, 0, 32.000000
451, 32.000000, 32, 32, 0, 32.000000
452, 32.000000, 32, 32, 0, 32.000000
454, 32.000000, 32, 32, 0, 32.000000
455, 32.000000, 32, 32, 0, 32.000000
456, 32.000000, 32, 32, 0, 32.000000
457, 32.000000, 32, 32, 0, 32.000000
458, 32.000000, 32, 32, 0, 32.000000
459, 31.941667, 32, 31, 0, 32.000000
460, 31.915385, 32, 31, 0, 32.000000
462, 31.820896, 32, 31, 0, 32.000000
463, 31.675497, 32, 31, 0, 31.966887
464, 31.574074, 32, 31, 0, 31.956790
465, 31.500000, 32, 31, 0, 31.913043
467, 31.485000, 32, 31, 0, 31.865000
469, 31.395745, 32, 31, 0, 31.787234
470, 31.328704, 32, 31, 0, 31.833333
471, 31.226244, 32, 31, 0, 31.823529
472, 31.127049, 32, 31, 0, 31.766393
474, 31.084000, 32, 31, 0, 31.752000
475, 31.025926, 32, 31, 0, 31.700000
476, 31.029740, 32, 31, 0, 31.684015
477, 31.026936, 32, 31, 0, 31.639731
479, 31.021352, 32, 31, 0, 31.651246
480, 31.027972, 32, 31, 0, 31.646853
481, 31.029316, 32, 31, 0, 31.625407
482, 30.871383, 32, 6, 0, 31.466238
483, 30.104348, 32, 6, 0, 30.727536
484, 30.192073, 32, 6, 0, 30.847561
485, 25.174672, 32, 6, 0, 26.417031
487, 20.354839, 32, 6, 0, 22.181664
488, 15.332620, 32, 6, 0, 17.850267
489, 14.496296, 32, 6, 0, 17.239815
490, 13.323529, 32, 6, 0, 16.166667
492, 12.837879, 32, 6, 0, 15.881818
494, 12.276371, 32, 6, 0, 15.783404
495, 12.145618, 32, 6, 0, 15.712905
496, 12.127526, 32, 6, 0, 15.430662
497, 12.058100, 32, 6, 0, 15.655502
499, 11.833333, 32, 6, 0, 15.188000
500, 11.268218, 32, 6, 0, 14.758726
501, 11.006452, 32, 6, 0, 14.521994
502, 10.551198, 32, 6, 0, 14.773420
504, 10.333863, 32, 6, 0, 14.552199
505, 9.886727, 32, 6, 0, 14.730040
506, 9.852183, 32, 6, 0, 14.746032
507, 9.864106, 32, 6, 0, 14.821763
508, 9.963289, 32, 6, 0, 15.051395
509, 9.851870, 32, 6, 0, 14.815453
510, 9.864665, 32, 6, 0, 14.828248
512, 9.853767, 32, 6, 0, 14.832595
513, 9.866896, 32, 6, 0, 14.834971
514, 9.848306, 32, 6, 0, 14.831124
515, 9.866111, 32, 2, 0, 14.844532
517, 9.981040, 32, 2, 0, 15.153136
519, 9.508839, 32, 2, 0, 15.124701
520, 9.183626, 32, 2, 0, 15.699815
521, 9.339529, 32, 2, 0, 16.165911
522, 9.373661, 32, 2, 0, 16.641964
524, 9.630540, 32, 2, 0, 17.157964
525, 9.673801, 32, 2, 0, 18.944349
526, 9.756481, 32, 2, 0, 19.343391
527, 9.707828, 32, 1, 0, 19.850147
529, 9.753556, 32, 1, 0, 21.003347
530, 9.394378, 32, 1, 0, 21.637453
531, 9.205265, 32, 1, 0, 21.650761
532, 8.982680, 32, 1, 0, 21.908041
533, 8.845272, 32, 1, 0, 21.748260
534, 8.765352, 32, 1, 0, 21.934933
535, 8.662470, 32, 1, 0, 21.894395
537, 8.622672, 32, 1, 0, 22.001215
543, 7.799016, 32, 1, 0, 21.802422
549, 7.796848, 32, 1, 0, 22.976883
555, 7.260575, 32, 1, 0, 23.540102
560, 7.443063, 32, 1, 0, 24.129581
565, 6.828054, 32, 1, 0, 23.833183
570, 6.014825, 32, 1, 0, 23.493147
575, 5.510033, 32, 1, 0, 24.259761
580, 4.851736, 32, 1, 0, 24.422083
585, 4.148278, 32, 1, 0, 25.124152
590, 4.035538, 32, 1, 0, 26.783564
595, 3.944035, 32, 1, 0, 28.327933
600, 0.000000, 0, 0, 0, 0.000000
437, 0.000000, 0, 0, 0, 0.000000
438, 0.000000, 0, 0, 0, 0.000000
439, 0.000000, 0, 0, 0, 0.000000
440, 0.000000, 0, 0, 0, 0.000000
442, 0.000000, 0, 0, 0, 0.000000
444, 0.000000, 0, 0, 0, 0.000000
445, 0.000000, 0, 0, 0, 0.000000
446, 0.000000, 0, 0, 0, 0.000000
447, 0.000000, 0, 0, 0, 0.000000
449, 32.000000, 32, 32, 0, 32.000000
450, 32.000000, 32, 32, 0, 32.000000
451, 32.000000, 32, 32, 0, 32.000000
452, 32.000000, 32, 32, 0, 32.000000
454, 32.000000, 32, 32, 0, 32.000000
455, 32.000000, 32, 32, 0, 32.000000
456, 32.000000, 32, 32, 0, 32.000000
457, 32.000000, 32, 32, 0, 32.000000
458, 32.000000, 32, 32, 0, 32.000000
459, 31.974790, 32, 31, 0, 32.000000
460, 31.914729, 32, 31, 0, 32.000000
462, 31.847328, 32, 31, 0, 32.000000
463, 31.697368, 32, 31, 0, 31.986842
464, 31.585366, 32, 31, 0, 31.969512
465, 31.500000, 32, 31, 0, 31.911111
467, 31.505000, 32, 31, 0, 31.875000
469, 31.466346, 32, 31, 0, 31.850962
470, 31.310185, 32, 31, 0, 31.828704
471, 31.243119, 32, 31, 0, 31.830275
472, 31.097166, 32, 31, 0, 31.753036
474, 31.051181, 32, 31, 0, 31.744094
475, 31.022901, 32, 31, 0, 31.694656
476, 31.022472, 32, 31, 0, 31.681648
477, 31.021661, 32, 31, 0, 31.660650
479, 31.030000, 32, 31, 0, 31.640000
480, 31.031250, 32, 31, 0, 31.645833
481, 31.032258, 32, 31, 0, 31.622581
482, 31.028037, 32, 31, 0, 31.598131
483, 30.490506, 32, 6, 0, 31.082278
484, 29.060519, 32, 6, 0, 29.804035
485, 25.185185, 32, 6, 0, 26.274510
487, 21.261168, 32, 6, 0, 22.862543
488, 15.120743, 32, 6, 0, 17.906089
489, 14.084481, 32, 6, 0, 16.712580
490, 13.456376, 32, 6, 0, 16.369966
492, 12.917183, 32, 6, 0, 16.024768
494, 12.304715, 32, 6, 0, 15.796622
495, 12.173883, 32, 6, 0, 15.441341
496, 12.143448, 32, 6, 0, 15.697931
497, 12.032347, 32, 6, 0, 15.379215
499, 11.796667, 32, 6, 0, 15.185333
500, 11.230255, 32, 6, 0, 14.981774
501, 11.036861, 32, 6, 0, 14.657551
502, 10.501388, 32, 6, 0, 14.445308
504, 10.258409, 32, 6, 0, 14.464495
505, 9.871113, 32, 6, 0, 14.656469
506, 9.956884, 32, 6, 0, 14.956884
507, 9.845168, 32, 6, 0, 14.806706
508, 9.831854, 32, 6, 0, 14.804734
509, 9.853767, 32, 6, 0, 14.832102
510, 9.952008, 32, 6, 0, 15.037708
512, 9.840965, 32, 6, 0, 14.819793
513, 9.850541, 32, 6, 0, 14.832350
514, 9.839233, 32, 6, 0, 14.818092
515, 10.000971, 32, 2, 0, 15.156796
517, 9.879864, 32, 2, 0, 14.995623
519, 9.708254, 32, 2, 0, 15.473909
520, 9.377593, 32, 2, 0, 15.786538
521, 9.399820, 32, 2, 0, 16.502476
522, 9.483669, 32, 2, 0, 16.854586
524, 9.617235, 32, 2, 0, 17.186352
525, 9.737223, 32, 2, 0, 18.277683
526, 9.730688, 32, 2, 0, 19.052765
527, 9.686975, 32, 1, 0, 20.221008
529, 9.692308, 32, 1, 0, 21.255017
530, 9.505824, 32, 1, 0, 21.839850
531, 9.421946, 32, 1, 0, 21.898137
532, 9.146902, 32, 1, 0, 21.770209
533, 8.950102, 32, 1, 0, 21.804090
534, 8.736971, 32, 1, 0, 21.901873
535, 8.697203, 32, 1, 0, 21.970815
537, 8.590430, 32, 1, 0, 21.980941
543, 7.842286, 32, 1, 0, 21.850286
549, 7.802156, 32, 1, 0, 23.161335
555, 7.292732, 32, 1, 0, 23.357672
560, 7.440860, 32, 1, 0, 23.991202
565, 6.527251, 32, 1, 0, 23.541173
570, 5.896407, 32, 1, 0, 23.511230
575, 5.737426, 32, 1, 0, 24.099243
580, 4.882676, 32, 1, 0, 24.392475
585, 4.148744, 32, 1, 0, 25.122613
590, 4.004950, 32, 1, 0, 26.444802
595, 4.075810, 32, 1, 0, 28.074583
600, 0.000000, 0, 0, 0, 0.000000
437, 0.000000, 0, 0, 0, 0.000000
438, 0.000000, 0, 0, 0, 0.000000
439, 0.000000, 0, 0, 0, 0.000000
440, 0.000000, 0, 0, 0, 0.000000
442, 0.000000, 0, 0, 0, 0.000000
444, 0.000000, 0, 0, 0, 0.000000
445, 0.000000, 0, 0, 0, 0.000000
446, 0.000000, 0, 0, 0, 0.000000
447, 32.000000, 32, 32, 0, 32.000000
449, 32.000000, 32, 32, 0, 32.000000
450, 32.000000, 32, 32, 0, 32.000000
451, 32.000000, 32, 32, 0, 32.000000
452, 32.000000, 32, 32, 0, 32.000000
454, 32.000000, 32, 32, 0, 32.000000
455, 32.000000, 32, 32, 0, 32.000000
456, 32.000000, 32, 32, 0, 32.000000
457, 31.991525, 32, 31, 0, 32.000000
458, 32.000000, 32, 32, 0, 32.000000
459, 31.974790, 32, 31, 0, 32.000000
460, 31.949580, 32, 31, 0, 32.000000
462, 31.803150, 32, 31, 0, 32.000000
463, 31.668966, 32, 31, 0, 31.993103
464, 31.509202, 32, 31, 0, 31.926380
465, 31.502793, 32, 31, 0, 31.916201
467, 31.513228, 32, 31, 0, 31.904762
469, 31.450237, 32, 31, 0, 31.843602
470, 31.281513, 32, 31, 0, 31.777311
471, 31.284519, 32, 31, 0, 31.782427
472, 31.129464, 32, 31, 0, 31.808036
474, 31.058366, 32, 31, 0, 31.735409
475, 31.025547, 32, 31, 0, 31.686131
476, 31.025830, 32, 31, 0, 31.678967
477, 31.023649, 32, 31, 0, 31.641892
479, 31.021352, 32, 31, 0, 31.651246
480, 31.023256, 32, 31, 0, 31.631229
481, 31.029703, 32, 31, 0, 31.633663
482, 31.025641, 32, 31, 0, 31.612179
483, 30.947541, 32, 6, 0, 31.609836
484, 30.174041, 32, 6, 0, 31.014749
485, 25.586047, 32, 6, 0, 26.853488
487, 21.009381, 32, 6, 0, 22.853659
488, 15.687861, 32, 6, 0, 18.129480
489, 14.393217, 32, 6, 0, 17.202566
490, 13.185338, 32, 6, 0, 16.167216
492, 12.802441, 32, 6, 0, 15.861937
494, 12.259049, 32, 6, 0, 15.498226
495, 12.145618, 32, 6, 0, 15.670807
496, 12.129526, 32, 6, 0, 15.410167
497, 12.063448, 32, 6, 0, 15.342759
499, 11.764319, 32, 6, 0, 15.387755
500, 11.460177, 32, 6, 0, 14.902023
501, 10.919953, 32, 6, 0, 14.556210
502, 10.553957, 32, 6, 0, 14.359159
504, 10.366578, 32, 6, 0, 14.707692
505, 9.875374, 32, 6, 0, 14.648554
506, 9.855368, 32, 6, 0, 14.736083
507, 9.827569, 32, 6, 0, 14.760870
508, 9.829966, 32, 6, 0, 14.800887
509, 9.844335, 32, 6, 0, 14.823645
510, 9.852782, 32, 6, 0, 14.819793
512, 9.862697, 32, 6, 0, 14.828248
513, 9.954479, 32, 6, 0, 15.043563
514, 9.978038, 32, 2, 0, 15.073206
515, 9.961895, 32, 6, 0, 15.072789
517, 9.862237, 32, 2, 0, 14.889595
519, 9.684736, 32, 2, 0, 15.385640
520, 9.335499, 32, 2, 0, 15.717865
521, 9.173614, 32, 2, 0, 16.075584
522, 9.387126, 32, 2, 0, 16.552526
524, 9.628771, 32, 2, 0, 17.188456
525, 9.678571, 32, 2, 0, 18.056799
526, 9.703483, 32, 2, 0, 18.379779
527, 9.632619, 32, 2, 0, 19.600252
529, 9.639201, 32, 1, 0, 20.609655
530, 9.477792, 32, 1, 0, 21.853881
531, 9.252874, 32, 1, 0, 21.694581
532, 9.280709, 32, 1, 0, 21.696208
533, 8.937781, 32, 1, 0, 21.763815
534, 8.639592, 32, 1, 0, 21.852653
535, 8.662327, 32, 1, 0, 22.185110
537, 8.604293, 32, 1, 0, 22.243823
543, 7.780901, 32, 1, 0, 21.932229
549, 7.889047, 32, 1, 0, 23.363798
555, 7.325354, 32, 1, 0, 23.362778
560, 7.527201, 32, 1, 0, 24.248599
565, 6.530106, 32, 1, 0, 24.000303
570, 5.993260, 32, 1, 0, 23.396237
575, 5.479172, 32, 1, 0, 24.038388
580, 4.910914, 32, 1, 0, 24.305548
585, 4.044746, 32, 1, 0, 25.257164
590, 4.032378, 32, 1, 0, 26.558824
595, 4.083129, 32, 1, 0, 28.001962
600, 0.000000, 0, 0, 0, 0.000000
437, 0.000000, 0, 0, 0, 0.000000
438, 0.000000, 0, 0, 0, 0.000000
439, 0.000000, 0, 0, 0, 0.000000
440, 0.000000, 0, 0, 0, 0.000000
442, 0.000000, 0, 0, 0, 0.000000
444, 0.000000, 0, 0, 0, 0.000000
445, 0.000000, 0, 0, 0, 0.000000
446, 0.000000, 0, 0, 0, 0.000000
447, 0.000000, 0, 0, 0, 0.000000
449, 32.000000, 32, 32, 0, 32.000000
450, 32.000000, 32, 32, 0, 32.000000
451, 32.000000, 32, 32, 0, 32.000000
452, 32.000000, 32, 32, 0, 32.000000
454, 32.000000, 32, 32, 0, 32.000000
455, 32.000000, 32, 32, 0, 32.000000
456, 32.000000, 32, 32, 0, 32.000000
457, 31.990991, 32, 31, 0, 32.000000
458, 32.000000, 32, 32, 0, 32.000000
459, 31.983333, 32, 31, 0, 32.000000
460, 31.900763, 32, 31, 0, 31.992366
462, 31.848485, 32, 31, 0, 32.000000
463, 31.700680, 32, 31, 0, 31.979592
464, 31.500000, 32, 31, 0, 31.892045
465, 31.469945, 32, 31, 0, 31.896175
467, 31.487805, 32, 31, 0, 31.868293
469, 31.470874, 32, 31, 0, 31.859223
470, 31.354839, 32, 31, 0, 31.834101
471, 31.240741, 32, 31, 0, 31.833333
472, 31.126638, 32, 31, 0, 31.799127
474, 31.054902, 32, 31, 0, 31.737255
475, 31.025271, 32, 31, 0, 31.682310
476, 31.027119, 32, 31, 0, 31.644068
477, 31.020270, 32, 31, 0, 31.638514
479, 31.021352, 32, 31, 0, 31.651246
480, 31.024735, 32, 31, 0, 31.650177
481, 31.024138, 32, 31, 0, 31.634483
482, 31.025723, 32, 31, 0, 31.614148
483, 31.030675, 32, 31, 0, 31.592025
484, 30.642857, 32, 6, 0, 31.198758
485, 25.893271, 32, 6, 0, 27.148492
487, 22.993684, 32, 6, 0, 24.652632
488, 16.245595, 32, 6, 0, 18.839207
489, 15.948608, 32, 6, 0, 18.353319
490, 13.770650, 32, 6, 0, 16.549209
492, 13.164395, 32, 6, 0, 16.144346
494, 12.474182, 32, 6, 0, 15.670545
495, 12.146998, 32, 6, 0, 15.687371
496, 12.176799, 32, 6, 0, 15.460517
497, 12.142759, 32, 6, 0, 15.706897
499, 11.855014, 32, 6, 0, 15.247290
500, 11.590446, 32, 6, 0, 15.202548
501, 11.158022, 32, 6, 0, 14.977081
502, 10.855670, 32, 6, 0, 14.461627
504, 10.543879, 32, 6, 0, 14.490791
505, 10.011489, 32, 6, 0, 14.877622
506, 9.884080, 32, 6, 0, 14.755721
507, 9.830123, 32, 6, 0, 14.784691
508, 9.845244, 32, 6, 0, 14.808280
509, 9.833415, 32, 6, 0, 14.791523
510, 9.952498, 32, 6, 0, 15.047502
512, 9.856932, 32, 6, 0, 14.819567
513, 9.947111, 32, 6, 0, 15.047502
514, 9.983398, 32, 6, 0, 15.079590
515, 9.881978, 32, 2, 0, 14.852595
517, 9.840196, 32, 2, 0, 14.887255
519, 9.570881, 32, 2, 0, 15.293103
520, 9.688509, 32, 2, 0, 16.077065
521, 9.417312, 32, 2, 0, 16.283371
522, 9.333034, 32, 2, 0, 16.432360
524, 9.573133, 32, 2, 0, 16.931949
525, 9.678556, 32, 2, 0, 17.935110
526, 9.743174, 32, 2, 0, 18.764078
527, 9.708840, 32, 2, 0, 19.767072
529, 9.694653, 32, 1, 0, 20.357561
530, 9.530171, 32, 1, 0, 21.805660
531, 9.319421, 32, 1, 0, 21.639669
532, 9.055328, 32, 1, 0, 21.762295
533, 8.908008, 32, 1, 0, 21.694045
534, 8.725530, 32, 1, 0, 21.845840
535, 8.663832, 32, 1, 0, 21.963953
537, 8.572125, 32, 1, 0, 22.208452
543, 7.804151, 32, 1, 0, 21.742264
549, 7.852920, 32, 1, 0, 23.340253
555, 7.335693, 32, 1, 0, 23.361308
560, 7.519433, 32, 1, 0, 24.234519
565, 6.866626, 32, 1, 0, 23.839952
570, 6.016002, 32, 1, 0, 23.421954
575, 5.527876, 32, 1, 0, 24.175143
580, 4.831108, 32, 1, 0, 24.367374
585, 4.241171, 32, 1, 0, 25.094601
590, 4.022008, 32, 1, 0, 26.513106
595, 3.934350, 32, 1, 0, 27.776494
600, 0.000000, 0, 0, 0, 0.000000
437, 0.000000, 0, 0, 0, 0.000000
438, 0.000000, 0, 0, 0, 0.000000
439, 0.000000, 0, 0, 0, 0.000000
440, 0.000000, 0, 0, 0, 0.000000
442, 0.000000, 0, 0, 0, 0.000000
444, 0.000000, 0, 0, 0, 0.000000
445, 0.000000, 0, 0, 0, 0.000000
446, 0.000000, 0, 0, 0, 0.000000
447, 32.000000, 32, 32, 0, 32.000000
449, 32.000000, 32, 32, 0, 32.000000
450, 32.000000, 32, 32, 0, 32.000000
451, 32.000000, 32, 32, 0, 32.000000
452, 32.000000, 32, 32, 0, 32.000000
454, 32.000000, 32, 32, 0, 32.000000
455, 32.000000, 32, 32, 0, 32.000000
456, 32.000000, 32, 32, 0, 32.000000
457, 32.000000, 32, 32, 0, 32.000000
458, 32.000000, 32, 32, 0, 32.000000
459, 32.000000, 32, 32, 0, 32.000000
460, 31.966667, 32, 31, 0, 32.000000
462, 31.852713, 32, 31, 0, 32.000000
463, 31.625850, 32, 31, 0, 31.972789
464, 31.611111, 32, 31, 0, 31.969136
465, 31.524862, 32, 31, 0, 31.922652
467, 31.494898, 32, 31, 0, 31.872449
469, 31.471429, 32, 31, 0, 31.847619
470, 31.331776, 32, 31, 0, 31.836449
471, 31.199095, 32, 31, 0, 31.819005
472, 31.186722, 32, 31, 0, 31.775934
474, 31.062241, 32, 31, 0, 31.755187
475, 31.028881, 32, 31, 0, 31.682310
476, 31.028986, 32, 31, 0, 31.666667
477, 31.023569, 32, 31, 0, 31.639731
479, 31.023411, 32, 31, 0, 31.635452
480, 31.028070, 32, 31, 0, 31.649123
481, 31.023333, 32, 31, 0, 31.633333
482, 31.028939, 32, 31, 0, 31.617363
483, 30.472843, 32, 6, 0, 31.143770
484, 30.015015, 32, 6, 0, 30.636637
485, 24.081140, 32, 6, 0, 25.482456
487, 21.685413, 32, 6, 0, 23.326889
488, 15.831002, 32, 6, 0, 18.255245
489, 14.351351, 32, 6, 0, 17.287046
490, 13.417362, 32, 6, 0, 16.293823
492, 13.090177, 32, 6, 0, 16.059581
494, 12.415340, 32, 6, 0, 15.616498
495, 12.173883, 32, 6, 0, 15.423184
496, 12.176799, 32, 6, 0, 15.446541
497, 12.082811, 32, 6, 0, 15.391093
499, 11.876933, 32, 6, 0, 15.212508
500, 11.468710, 32, 6, 0, 14.934227
501, 10.952381, 32, 6, 0, 14.455865
502, 10.728388, 32, 6, 0, 14.691021
504, 10.418977, 32, 6, 0, 14.763326
505, 9.892028, 32, 6, 0, 14.681635
506, 9.833001, 32, 6, 0, 14.742273
507, 9.947963, 32, 6, 0, 15.017673
508, 9.843350, 32, 6, 0, 14.811330
509, 9.844335, 32, 6, 0, 14.811823
510, 9.962800, 32, 6, 0, 15.046500
512, 9.849975, 32, 6, 0, 14.811608
513, 9.850688, 32, 6, 0, 14.823183
514, 9.833497, 32, 6, 0, 14.808448
515, 9.949194, 32, 2, 0, 15.072789
517, 9.798924, 32, 2, 0, 14.947652
519, 9.758273, 32, 2, 0, 15.314149
520, 9.395680, 32, 2, 0, 15.974724
521, 9.409955, 32, 2, 0, 16.249321
522, 9.478648, 32, 2, 0, 16.790036
524, 9.620387, 32, 2, 0, 17.124780
525, 9.754190, 32, 2, 0, 18.587452
526, 9.709022, 32, 2, 0, 19.093181
527, 9.662316, 32, 2, 0, 19.363368
529, 9.676667, 32, 1, 0, 21.067083
530, 9.548253, 32, 1, 0, 21.830283
531, 9.301607, 32, 1, 0, 21.666255
532, 9.043103, 32, 1, 0, 21.687603
533, 8.808998, 32, 1, 0, 21.801227
534, 8.677945, 32, 1, 0, 21.850387
535, 8.649208, 32, 1, 0, 21.907836
537, 8.549370, 32, 1, 0, 22.212109
543, 7.849962, 32, 1, 0, 22.073676
549, 7.831818, 32, 1, 0, 23.411189
555, 7.323658, 32, 1, 0, 23.335133
560, 7.397336, 32, 1, 0, 24.223197
565, 6.786771, 32, 1, 0, 23.843854
570, 6.012950, 32, 1, 0, 23.476070
575, 5.702197, 32, 1, 0, 24.090317
580, 4.869908, 32, 1, 0, 24.414192
585, 4.045855, 32, 1, 0, 25.112119
590, 4.023521, 32, 1, 0, 26.277049
595, 3.977434, 32, 1, 0, 28.000000
600, 0.000000, 0, 0, 0, 0.000000
434, 0.000000, 0, 0, 0, 0.000000
435, 0.000000, 0, 0, 0, 0.000000
437, 0.000000, 0, 0, 0, 0.000000
438, 0.000000, 0, 0, 0, 0.000000
439, 0.000000, 0, 0, 0, 0.000000
440, 0.000000, 0, 0, 0, 0.000000
442, 0.000000, 0, 0, 0, 0.000000
444, 0.000000, 0, 0, 0, 0.000000
445, 0.000000, 0, 0, 0, 0.000000
446, 0.000000, 0, 0, 0, 0.000000
447, 0.000000, 0, 0, 0, 0.000000
449, 32.000000, 32, 32, 0, 32.000000
450, 32.000000, 32, 32, 0, 32.000000
451, 32.000000, 32, 32, 0, 32.000000
452, 32.000000, 32, 32, 0, 32.000000
454, 32.000000, 32, 32, 0, 32.000000
455, 32.000000, 32, 32, 0, 32.000000
456, 32.000000, 32, 32, 0, 32.000000
457, 32.000000, 32, 32, 0, 32.000000
458, 32.000000, 32, 32, 0, 32.000000
459, 31.991525, 32, 31, 0, 32.000000
460, 31.958678, 32, 31, 0, 32.000000
462, 31.810219, 32, 31, 0, 31.992701
463, 31.661972, 32, 31, 0, 31.978873
464, 31.570513, 32, 31, 0, 31.961538
465, 31.508108, 32, 31, 0, 31.913514
467, 31.510101, 32, 31, 0, 31.883838
469, 31.404348, 32, 31, 0, 31.795652
470, 31.320930, 32, 31, 0, 31.832558
471, 31.277778, 32, 31, 0, 31.833333
472, 31.175676, 32, 31, 0, 31.815315
474, 31.083333, 32, 31, 0, 31.798246
475, 31.022556, 32, 31, 0, 31.703008
476, 31.020979, 32, 31, 0, 31.660839
477, 31.020548, 32, 31, 0, 31.647260
479, 31.023569, 32, 31, 0, 31.639731
480, 31.028169, 32, 31, 0, 31.651408
481, 31.027972, 32, 31, 0, 31.646853
482, 31.027119, 32, 31, 0, 31.627119
483, 31.025890, 32, 31, 0, 31.598706
484, 30.258462, 32, 6, 0, 30.836923
485, 26.579710, 32, 6, 0, 27.526570
487, 23.725971, 32, 6, 0, 25.112474
488, 16.289838, 32, 6, 0, 18.729792
489, 14.587896, 32, 6, 0, 17.348703
490, 13.764653, 32, 6, 0, 16.590622
492, 12.900386, 32, 6, 0, 15.979151
494, 12.299354, 32, 6, 0, 15.562814
495, 12.135154, 32, 6, 0, 15.409664
496, 12.146308, 32, 6, 0, 15.687371
497, 12.132231, 32, 6, 0, 15.700413
499, 11.900468, 32, 6, 0, 15.482966
500, 11.468259, 32, 6, 0, 15.140792
501, 11.413534, 32, 6, 0, 14.826441
502, 10.795017, 32, 6, 0, 14.510759
504, 10.367347, 32, 6, 0, 14.475832
505, 10.057344, 32, 6, 0, 14.848089
506, 9.952451, 32, 6, 0, 15.013725
507, 9.842780, 32, 6, 0, 14.805323
508, 9.940686, 32, 6, 0, 15.028431
509, 9.952498, 32, 6, 0, 15.038198
510, 9.962800, 32, 6, 0, 15.044053
512, 9.860865, 32, 6, 0, 14.819567
513, 9.840708, 32, 6, 0, 14.806785
514, 9.859528, 32, 6, 0, 14.833497
515, 9.942815, 32, 6, 0, 15.064516
517, 9.962136, 32, 2, 0, 15.180583
519, 9.588151, 32, 2, 0, 15.172957
520, 9.455773, 32, 2, 0, 15.905028
521, 9.192677, 32, 2, 0, 15.955149
522, 9.389914, 32, 2, 0, 16.587573
524, 9.646722, 32, 2, 0, 16.855257
525, 9.771146, 32, 2, 0, 17.806355
526, 9.730590, 32, 2, 0, 18.669495
527, 9.763590, 32, 1, 0, 19.970080
529, 9.640000, 32, 1, 0, 20.261474
530, 9.451653, 32, 1, 0, 21.582645
531, 9.286480, 32, 1, 0, 21.613768
532, 9.156301, 32, 1, 0, 21.738134
533, 8.763136, 32, 1, 0, 21.632184
534, 8.677932, 32, 1, 0, 21.862378
535, 8.662332, 32, 1, 0, 21.931735
540, 8.101070, 32, 1, 0, 22.046770
545, 7.805943, 32, 1, 0, 21.877476
550, 7.569925, 32, 1, 0, 23.321453
555, 7.282258, 32, 1, 0, 23.350806
560, 7.404318, 32, 1, 0, 24.029441
565, 6.693871, 32, 1, 0, 23.617339
570, 5.997473, 32, 1, 0, 23.422235
575, 5.724504, 32, 1, 0, 23.932010
580, 5.023803, 32, 1, 0, 24.446443
585, 4.079253, 32, 1, 0, 25.038364
590, 4.027922, 32, 1, 0, 26.525080
595, 4.051830, 32, 1, 0, 27.859494
600, 0.000000, 0, 0, 0, 0.000000
437, 0.000000, 0, 0, 0, 0.000000
438, 0.000000, 0, 0, 0, 0.000000
439, 0.000000, 0, 0, 0, 0.000000
440, 0.000000, 0, 0, 0, 0.000000
442, 0.000000, 0, 0, 0, 0.000000
444, 0.000000, 0, 0, 0, 0.000000
445, 0.000000, 0, 0, 0, 0.000000
446, 0.000000, 0, 0, 0, 0.000000
447, 0.000000, 0, 0, 0, 0.000000
449, 32.000000, 32, 32, 0, 32.000000
450, 32.000000, 32, 32, 0, 32.000000
451, 32.000000, 32, 32, 0, 32.000000
452, 32.000000, 32, 32, 0, 32.000000
454, 32.000000, 32, 32, 0, 32.000000
455, 32.000000, 32, 32, 0, 32.000000
456, 32.000000, 32, 32, 0, 32.000000
457, 32.000000, 32, 32, 0, 32.000000
458, 31.991379, 32, 31, 0, 32.000000
459, 31.991667, 32, 31, 0, 32.000000
460, 31.916667, 32, 31, 0, 32.000000
462, 31.859375, 32, 31, 0, 32.000000
463, 31.579268, 32, 31, 0, 31.926829
464, 31.530726, 32, 31, 0, 31.932961
465, 31.516304, 32, 31, 0, 31.913043
467, 31.517588, 32, 31, 0, 31.889447
469, 31.433962, 32, 31, 0, 31.844340
470, 31.336449, 32, 31, 0, 31.836449
471, 31.181818, 32, 31, 0, 31.822727
472, 31.159664, 32, 31, 0, 31.781513
474, 31.055794, 32, 31, 0, 31.785408
475, 31.023715, 32, 31, 0, 31.723320
476, 31.020761, 32, 31, 0, 31.653979
477, 31.025000, 32, 31, 0, 31.657143
479, 31.024823, 32, 31, 0, 31.652482
480, 31.024476, 32, 31, 0, 31.643357
481, 31.029316, 32, 31, 0, 31.625407
482, 31.030100, 32, 31, 0, 31.622074
483, 31.033435, 32, 31, 0, 31.589666
484, 30.415954, 32, 6, 0, 30.977208
485, 28.506925, 32, 6, 0, 29.285319
487, 20.687063, 32, 6, 0, 22.513986
488, 14.927824, 32, 6, 0, 17.493724
489, 14.013825, 32, 6, 0, 16.734562
490, 13.995602, 32, 6, 0, 17.065963
492, 12.984556, 32, 6, 0, 15.933591
494, 12.303949, 32, 6, 0, 15.796192
495, 12.166322, 32, 6, 0, 15.693582
496, 12.186322, 32, 6, 0, 15.452198
497, 12.031250, 32, 6, 0, 15.625679
499, 12.019087, 32, 6, 0, 15.287662
500, 11.445149, 32, 6, 0, 14.906151
501, 11.100059, 32, 6, 0, 14.607460
502, 10.670900, 32, 6, 0, 14.755936
504, 10.425936, 32, 6, 0, 14.497558
505, 10.154118, 32, 6, 0, 14.909550
506, 9.827484, 32, 6, 0, 14.777558
507, 9.969118, 32, 6, 0, 15.021569
508, 9.843842, 32, 6, 0, 14.811330
509, 9.952498, 32, 6, 0, 15.037708
510, 9.843350, 32, 6, 0, 14.824138
512, 9.843350, 32, 6, 0, 14.811823
513, 9.941234, 32, 6, 0, 15.025955
514, 9.885406, 32, 6, 0, 14.854065
515, 9.951196, 32, 2, 0, 15.070278
517, 9.846154, 32, 2, 0, 14.920137
519, 9.537608, 32, 2, 0, 15.054966
520, 9.243846, 32, 2, 0, 15.735718
521, 9.542587, 32, 2, 0, 16.396575
522, 9.549402, 32, 2, 0, 16.924679
524, 9.601580, 32, 2, 0, 17.166740
525, 9.711225, 32, 2, 0, 17.927592
526, 9.764505, 32, 2, 0, 18.616894
527, 9.751582, 32, 2, 0, 20.182623
529, 9.711907, 32, 1, 0, 20.329725
530, 9.516984, 32, 1, 0, 21.561309
531, 9.313758, 32, 1, 0, 21.710883
532, 9.139084, 32, 1, 0, 21.936030
533, 8.942986, 32, 1, 0, 21.728876
534, 8.725971, 32, 1, 0, 21.791002
535, 8.708520, 32, 1, 0, 22.220546
537, 8.591812, 32, 1, 0, 21.968788
543, 7.888931, 32, 1, 0, 21.885101
549, 7.846369, 32, 1, 0, 23.355098
555, 7.292699, 32, 1, 0, 23.587436
560, 7.507692, 32, 1, 0, 24.103110
565, 6.787998, 32, 1, 0, 23.732509
570, 5.936074, 32, 1, 0, 23.548015
575, 5.710590, 32, 1, 0, 24.195635
580, 5.148499, 32, 1, 0, 24.428383
585, 4.255586, 32, 1, 0, 25.357519
590, 3.912463, 32, 1, 0, 26.301682
595, 4.056442, 32, 1, 0, 28.108712
600, 0.000000, 0, 0, 0, 0.000000
437, 0.000000, 0, 0, 0, 0.000000
438, 0.000000, 0, 0, 0, 0.000000
439, 0.000000, 0, 0, 0, 0.000000
440, 0.000000, 0, 0, 0, 0.000000
442, 0.000000, 0, 0, 0, 0.000000
444, 0.000000, 0, 0, 0, 0.000000
445, 0.000000, 0, 0, 0, 0.000000
446, 0.000000, 0, 0, 0, 0.000000
447, 0.000000, 0, 0, 0, 0.000000
449, 32.000000, 32, 32, 0, 32.000000
450, 32.000000, 32, 32, 0, 32.000000
451, 32.000000, 32, 32, 0, 32.000000
452, 32.000000, 32, 32, 0, 32.000000
454, 32.000000, 32, 32, 0, 32.000000
455, 32.000000, 32, 32, 0, 32.000000
456, 32.000000, 32, 32, 0, 32.000000
457, 32.000000, 32, 32, 0, 32.000000
458, 32.000000, 32, 32, 0, 32.000000
459, 31.975207, 32, 31, 0, 32.000000
460, 31.902439, 32, 31, 0, 32.000000
462, 31.804688, 32, 31, 0, 32.000000
463, 31.618056, 32, 31, 0, 31.965278
464, 31.548780, 32, 31, 0, 31.945122
465, 31.513514, 32, 31, 0, 31.935135
467, 31.505263, 32, 31, 0, 31.889474
469, 31.492754, 32, 31, 0, 31.859903
470, 31.278481, 32, 31, 0, 31.784810
471, 31.192469, 32, 31, 0, 31.778243
472, 31.154867, 32, 31, 0, 31.800885
474, 31.089686, 32, 31, 0, 31.811659
475, 31.036735, 32, 31, 0, 31.746939
476, 31.026217, 32, 31, 0, 31.685393
477, 31.025362, 32, 31, 0, 31.666667
479, 31.024735, 32, 31, 0, 31.650177
480, 31.028070, 32, 31, 0, 31.649123
481, 31.026403, 32, 31, 0, 31.630363
482, 31.027304, 32, 31, 0, 31.631399
483, 30.394904, 32, 6, 0, 31.019108
484, 30.506211, 32, 6, 0, 31.099379
485, 26.180451, 32, 6, 0, 27.431078
487, 22.770161, 32, 6, 0, 24.423387
488, 15.153598, 32, 6, 0, 17.749731
489, 14.253012, 32, 6, 0, 17.211307
490, 13.557659, 32, 6, 0, 16.458692
492, 13.009317, 32, 6, 0, 16.001553
494, 12.389209, 32, 6, 0, 15.577698
495, 12.149171, 32, 6, 0, 15.674724
496, 12.131799, 32, 6, 0, 15.437238
497, 12.107564, 32, 6, 0, 15.417765
499, 12.014463, 32, 6, 0, 15.370523
500, 11.438519, 32, 6, 0, 15.146801
501, 11.090746, 32, 6, 0, 14.591642
502, 10.636723, 32, 6, 0, 14.454802
504, 10.384781, 32, 6, 0, 14.546141
505, 9.947791, 32, 6, 0, 14.652610
506, 9.860465, 32, 6, 0, 14.725878
507, 9.841145, 32, 6, 0, 14.775530
508, 9.843842, 32, 6, 0, 14.811330
509, 9.952008, 32, 6, 0, 15.038198
510, 9.952498, 32, 6, 0, 15.047502
512, 9.839409, 32, 6, 0, 14.811823
513, 9.939765, 32, 6, 0, 15.047013
514, 9.844717, 32, 6, 0, 14.815233
515, 9.868008, 32, 2, 0, 14.861138
517, 9.810784, 32, 2, 0, 14.844118
519, 9.618702, 32, 2, 0, 14.999031
520, 9.349954, 32, 2, 0, 15.680517
521, 9.288408, 32, 2, 0, 16.006440
522, 9.502244, 32, 2, 0, 16.693447
524, 9.549465, 32, 2, 0, 16.919340
525, 9.697283, 32, 2, 0, 18.041397
526, 9.648291, 32, 2, 0, 18.365385
527, 9.756345, 32, 2, 0, 19.800761
529, 9.679261, 32, 1, 0, 20.796390
530, 9.605998, 32, 1, 0, 21.735943
531, 9.454771, 32, 1, 0, 21.606361
532, 9.002876, 32, 1, 0, 21.684059
533, 8.879134, 32, 1, 0, 21.830951
534, 8.783177, 32, 1, 0, 21.810943
535, 8.625920, 32, 1, 0, 22.125511
537, 8.678687, 32, 1, 0, 21.982577
543, 7.838333, 32, 1, 0, 22.011687
549, 7.809708, 32, 1, 0, 22.746395
555, 7.297443, 32, 1, 0, 23.312921
560, 7.442838, 32, 1, 0, 23.978975
565, 6.989548, 32, 1, 0, 23.889948
570, 6.075381, 32, 1, 0, 23.460192
575, 5.724437, 32, 1, 0, 23.968267
580, 5.224292, 32, 1, 0, 24.357555
585, 4.200857, 32, 1, 0, 24.910534
590, 3.912614, 32, 1, 0, 26.598371
595, 4.069659, 32, 1, 0, 28.181261
600, 0.000000, 0, 0, 0, 0.000000
437, 0.000000, 0, 0, 0, 0.000000
438, 0.000000, 0, 0, 0, 0.000000
439, 0.000000, 0, 0, 0, 0.000000
440, 0.000000, 0, 0, 0, 0.000000
442, 0.000000, 0, 0, 0, 0.000000
444, 0.000000, 0, 0, 0, 0.000000
445, 0.000000, 0, 0, 0, 0.000000
446, 0.000000, 0, 0, 0, 0.000000
447, 32.000000, 32, 32, 0, 32.000000
449, 0.000000, 0, 0, 0, 0.000000
450, 32.000000, 32, 32, 0, 32.000000
451, 32.000000, 32, 32, 0, 32.000000
452, 32.000000, 32, 32, 0, 32.000000
454, 32.000000, 32, 32, 0, 32.000000
455, 32.000000, 32, 32, 0, 32.000000
456, 32.000000, 32, 32, 0, 32.000000
457, 32.000000, 32, 32, 0, 32.000000
458, 32.000000, 32, 32, 0, 32.000000
459, 31.982906, 32, 31, 0, 32.000000
460, 31.914062, 32, 31, 0, 32.000000
462, 31.896000, 32, 31, 0, 31.992000
463, 31.726667, 32, 31, 0, 31.973333
464, 31.579268, 32, 31, 0, 31.945122
465, 31.542373, 32, 31, 0, 31.926554
467, 31.517766, 32, 31, 0, 31.893401
469, 31.427313, 32, 31, 0, 31.810573
470, 31.339535, 32, 31, 0, 31.837209
471, 31.253456, 32, 31, 0, 31.834101
472, 31.153527, 32, 31, 0, 31.775934
474, 31.107623, 32, 31, 0, 31.807175
475, 31.032727, 32, 31, 0, 31.690909
476, 31.026515, 32, 31, 0, 31.696970
477, 31.020408, 32, 31, 0, 31.642857
479, 31.021505, 32, 31, 0, 31.655914
480, 31.024823, 32, 31, 0, 31.652482
481, 31.027778, 32, 31, 0, 31.642361
482, 31.031746, 32, 31, 0, 31.612698
483, 31.029605, 32, 31, 0, 31.611842
484, 30.912226, 32, 12, 0, 31.470219
485, 28.475543, 32, 6, 0, 29.364130
487, 22.148080, 32, 6, 0, 23.742230
488, 15.468784, 32, 6, 0, 18.065717
489, 14.156570, 32, 6, 0, 16.856477
490, 13.721354, 32, 6, 0, 16.493924
492, 13.268312, 32, 6, 0, 16.566083
494, 12.383896, 32, 6, 0, 15.552840
495, 12.146154, 32, 6, 0, 15.429371
496, 12.142759, 32, 6, 0, 15.708966
497, 12.078947, 32, 6, 0, 15.353878
499, 11.898260, 32, 6, 0, 15.528112
500, 11.297364, 32, 6, 0, 15.024525
501, 11.317712, 32, 6, 0, 15.009130
502, 10.787913, 32, 6, 0, 14.557583
504, 10.519979, 32, 6, 0, 14.812467
505, 9.987323, 32, 6, 0, 14.605984
506, 9.983760, 32, 6, 0, 14.966043
507, 9.845244, 32, 6, 0, 14.821587
508, 9.853202, 32, 6, 0, 14.821182
509, 9.843350, 32, 6, 0, 14.811330
510, 9.843350, 32, 6, 0, 14.811823
512, 9.952008, 32, 6, 0, 15.047502
513, 9.852999, 32, 6, 0, 14.819567
514, 9.839312, 32, 6, 0, 14.826044
515, 9.971191, 32, 6, 0, 15.085938
517, 9.847209, 32, 2, 0, 14.912341
519, 9.628040, 32, 2, 0, 15.169289
520, 9.514098, 32, 2, 0, 15.639568
521, 9.537313, 32, 2, 0, 16.890694
522, 9.468258, 32, 2, 0, 16.536695
524, 9.707026, 32, 2, 0, 17.110473
525, 9.748815, 32, 2, 0, 18.064627
526, 9.778912, 32, 2, 0, 18.736820
527, 9.703845, 32, 2, 0, 19.263625
529, 9.686448, 32, 2, 0, 20.596380
530, 9.415874, 32, 1, 0, 21.591567
531, 9.471737, 32, 1, 0, 21.864921
532, 9.097000, 32, 1, 0, 21.658857
533, 9.069873, 32, 1, 0, 21.681463
534, 8.764082, 32, 1, 0, 21.842449
535, 8.697154, 32, 1, 0, 21.875203
537, 8.587541, 32, 1, 0, 22.166938
543, 7.931470, 32, 1, 0, 22.026417
549, 7.784924, 32, 1, 0, 22.953320
555, 7.258075, 32, 1, 0, 23.587555
560, 7.526177, 32, 1, 0, 24.195917
565, 6.779800, 32, 1, 0, 23.793449
570, 6.034834, 32, 1, 0, 23.483999
575, 5.695640, 32, 1, 0, 24.158949
580, 4.872190, 32, 1, 0, 24.388134
585, 4.209877, 32, 1, 0, 24.949609
590, 4.031397, 32, 1, 0, 26.512979
595, 4.047678, 32, 1, 0, 27.806832
600, 0.000000, 0, 0, 0, 0.000000
438, 0.000000, 0, 0, 0, 0.000000
439, 0.000000, 0, 0, 0, 0.000000
440, 0.000000, 0, 0, 0, 0.000000
442, 0.000000, 0, 0, 0, 0.000000
444, 0.000000, 0, 0, 0, 0.000000
445, 0.000000, 0, 0, 0, 0.000000
446, 0.000000, 0, 0, 0, 0.000000
447, 32.000000, 32, 32, 0, 32.000000
449, 32.000000, 32, 32, 0, 32.000000
450, 32.000000, 32, 32, 0, 32.000000
451, 32.000000, 32, 32, 0, 32.000000
452, 32.000000, 32, 32, 0, 32.000000
454, 32.000000, 32, 32, 0, 32.000000
455, 32.000000, 32, 32, 0, 32.000000
456, 32.000000, 32, 32, 0, 32.000000
457, 31.990909, 32, 31, 0, 32.000000
458, 32.000000, 32, 32, 0, 32.000000
459, 31.956897, 32, 31, 0, 32.000000
460, 31.944882, 32, 31, 0, 32.000000
462, 31.854015, 32, 31, 0, 31.992701
463, 31.647436, 32, 31, 0, 31.955128
464, 31.517241, 32, 31, 0, 31.896552
465, 31.528409, 32, 31, 0, 31.937500
467, 31.455882, 32, 31, 0, 31.838235
469, 31.480769, 32, 31, 0, 31.850962
470, 31.347222, 32, 31, 0, 31.833333
471, 31.241860, 32, 31, 0, 31.832558
472, 31.169421, 32, 31, 0, 31.772727
474, 31.121739, 32, 31, 0, 31.782609
475, 31.022305, 32, 31, 0, 31.698885
476, 31.024390, 32, 31, 0, 31.658537
477, 31.025000, 32, 31, 0, 31.657143
479, 31.025000, 32, 31, 0, 31.657143
480, 31.028269, 32, 31, 0, 31.653710
481, 31.022801, 32, 31, 0, 31.618893
482, 31.023810, 32, 31, 0, 31.625850
483, 31.032468, 32, 31, 0, 31.607143
484, 30.487261, 32, 6, 0, 31.226115
485, 24.813793, 32, 6, 0, 26.020690
487, 21.647940, 32, 6, 0, 23.138577
488, 16.476303, 32, 6, 0, 19.055687
489, 14.228361, 32, 6, 0, 17.130755
490, 13.592654, 32, 6, 0, 16.716194
492, 12.957265, 32, 6, 0, 15.989122
494, 12.345961, 32, 6, 0, 15.572552
495, 12.173883, 32, 6, 0, 15.456704
496, 12.146308, 32, 6, 0, 15.687371
497, 12.134682, 32, 6, 0, 15.403350
499, 11.943358, 32, 6, 0, 15.563048
500, 11.645244, 32, 6, 0, 15.293059
501, 11.326419, 32, 6, 0, 14.740696
502, 10.615514, 32, 6, 0, 14.479483
504, 10.449891, 32, 6, 0, 14.521786
505, 10.024488, 32, 6, 0, 14.877061
506, 9.967060, 32, 6, 0, 14.954769
507, 9.954434, 32, 6, 0, 15.019108
508, 9.952987, 32, 6, 0, 15.044564
509, 9.854259, 32, 6, 0, 14.819793
510, 9.952498, 32, 6, 0, 15.047502
512, 9.841950, 32, 6, 0, 14.806992
513, 9.831201, 32, 6, 0, 14.802657
514, 9.849066, 32, 6, 0, 14.819567
515, 9.985847, 32, 6, 0, 15.063934
517, 9.907090, 32, 6, 0, 14.893888
519, 9.657744, 32, 2, 0, 15.170172
520, 9.495375, 32, 2, 0, 15.835800
521, 9.386241, 32, 2, 0, 16.375899
522, 9.397401, 32, 2, 0, 16.426523
524, 9.481366, 32, 2, 0, 16.671251
525, 9.739205, 32, 2, 0, 17.798204
526, 9.723449, 32, 2, 0, 18.598131
527, 9.699283, 32, 2, 0, 19.164488
529, 9.684100, 32, 1, 0, 20.078661
530, 9.447804, 32, 1, 0, 21.543496
531, 9.432165, 32, 1, 0, 21.674227
532, 9.157678, 32, 1, 0, 21.960066
533, 8.979047, 32, 1, 0, 22.006163
534, 8.726234, 32, 1, 0, 21.829865
535, 8.678310, 32, 1, 0, 21.927701
537, 8.548256, 32, 1, 0, 21.962693
538, 8.398788, 32, 1, 0, 22.284040
544, 7.753389, 32, 1, 0, 21.747364
550, 7.787461, 32, 1, 0, 23.392697
555, 7.309708, 32, 1, 0, 23.352032
560, 7.451187, 32, 1, 0, 23.952836
565, 6.624735, 32, 1, 0, 23.919976
570, 5.998302, 32, 1, 0, 23.506791
575, 5.694038, 32, 1, 0, 24.088618
580, 4.820479, 32, 1, 0, 24.449855
585, 4.128121, 32, 1, 0, 25.085246
590, 4.025704, 32, 1, 0, 26.595156
595, 4.083640, 32, 1, 0, 27.829286
600, 0.000000, 0, 0, 0, 0.000000
437, 0.000000, 0, 0, 0, 0.000000
438, 0.000000, 0, 0, 0, 0.000000
439, 0.000000, 0, 0, 0, 0.000000
440, 0.000000, 0, 0, 0, 0.000000
442, 0.000000, 0, 0, 0, 0.000000
444, 0.000000, 0, 0, 0, 0.000000
445, 0.000000, 0, 0, 0, 0.000000
446, 0.000000, 0, 0, 0, 0.000000
447, 0.000000, 0, 0, 0, 0.000000
449, 32.000000, 32, 32, 0, 32.000000
450, 32.000000, 32, 32, 0, 32.000000
451, 32.000000, 32, 32, 0, 32.000000
452, 32.000000, 32, 32, 0, 32.000000
454, 32.000000, 32, 32, 0, 32.000000
455, 32.000000, 32, 32, 0, 32.000000
456, 32.000000, 32, 32, 0, 32.000000
457, 32.000000, 32, 32, 0, 32.000000
458, 32.000000, 32, 32, 0, 32.000000
459, 31.991525, 32, 31, 0, 32.000000
460, 31.966942, 32, 31, 0, 32.000000
462, 31.838462, 32, 31, 0, 32.000000
463, 31.651316, 32, 31, 0, 31.973684
464, 31.543353, 32, 31, 0, 31.930636
465, 31.487179, 32, 31, 0, 31.876923
467, 31.491892, 32, 31, 0, 31.897297
469, 31.424893, 32, 31, 0, 31.789700
470, 31.360169, 32, 31, 0, 31.788136
471, 31.243697, 32, 31, 0, 31.781513
472, 31.133333, 32, 31, 0, 31.804444
474, 31.087649, 32, 31, 0, 31.756972
475, 31.035573, 32, 31, 0, 31.723320
476, 31.027778, 32, 31, 0, 31.659722
477, 31.023973, 32, 31, 0, 31.650685
479, 31.026756, 32, 31, 0, 31.638796
480, 31.026403, 32, 31, 0, 31.630363
481, 31.026490, 32, 31, 0, 31.632450
482, 31.033113, 32, 31, 0, 31.619205
483, 31.033846, 32, 31, 0, 31.596923
484, 30.722222, 32, 6, 0, 31.283951
485, 27.690773, 32, 6, 0, 28.438903
487, 22.231076, 32, 6, 0, 23.886454
488, 16.094425, 32, 6, 0, 18.670080
489, 14.183477, 32, 6, 0, 16.891451
490, 13.638534, 32, 6, 0, 16.833760
492, 13.167061, 32, 6, 0, 16.470449
494, 12.479452, 32, 6, 0, 15.968277
495, 12.163636, 32, 6, 0, 15.466434
496, 12.145618, 32, 6, 0, 15.699793
497, 12.118949, 32, 6, 0, 15.414246
499, 11.953329, 32, 6, 0, 15.323953
500, 11.309304, 32, 6, 0, 15.003081
501, 11.015160, 32, 6, 0, 14.806414
502, 10.754685, 32, 6, 0, 14.475298
504, 10.545113, 32, 6, 0, 14.729323
505, 9.947395, 32, 6, 0, 14.653010
506, 9.857921, 32, 6, 0, 14.713366
507, 9.957802, 32, 6, 0, 15.045633
508, 9.843350, 32, 6, 0, 14.824138
509, 9.952498, 32, 6, 0, 15.047013
510, 9.843842, 32, 6, 0, 14.811330
512, 9.863681, 32, 6, 0, 14.828248
513, 9.974585, 32, 6, 0, 15.056696
514, 9.857634, 32, 6, 0, 14.819342
515, 9.948655, 32, 2, 0, 15.068949
517, 9.857841, 32, 2, 0, 14.907670
519, 9.606936, 32, 2, 0, 15.090559
520, 9.409622, 32, 2, 0, 15.624007
521, 9.268582, 32, 2, 0, 16.055176
522, 9.417076, 32, 2, 0, 16.522575
524, 9.599824, 32, 2, 0, 17.198771
525, 9.585512, 32, 2, 0, 17.987141
526, 9.668367, 32, 2, 0, 18.573129
527, 9.656289, 32, 2, 0, 19.575095
529, 9.707286, 32, 1, 0, 20.804858
530, 9.519175, 32, 1, 0, 21.551340
531, 9.413134, 32, 1, 0, 21.859518
532, 9.165702, 32, 1, 0, 21.903306
533, 8.887010, 32, 1, 0, 21.915876
534, 8.660155, 32, 1, 0, 22.190069
535, 8.622449, 32, 1, 0, 21.857551
537, 8.577173, 32, 1, 0, 21.922827
543, 7.802611, 32, 1, 0, 21.869048
549, 7.819917, 32, 1, 0, 23.186329
555, 7.336807, 32, 1, 0, 23.368403
560, 7.467125, 32, 1, 0, 24.017337
565, 6.666566, 32, 1, 0, 23.793560
570, 5.938182, 32, 1, 0, 23.396923
575, 5.711575, 32, 1, 0, 24.017620
580, 4.922777, 32, 1, 0, 24.410816
585, 4.235131, 32, 1, 0, 24.929183
590, 4.029179, 32, 1, 0, 26.412710
595, 4.052050, 32, 1, 0, 28.007120
600, 0.000000, 0, 0, 0, 0.000000
437, 0.000000, 0, 0, 0, 0.000000
438, 0.000000, 0, 0, 0, 0.000000
439, 0.000000, 0, 0, 0, 0.000000
440, 0.000000, 0, 0, 0, 0.000000
442, 0.000000, 0, 0, 0, 0.000000
444, 0.000000, 0, 0, 0, 0.000000
445, 0.000000, 0, 0, 0, 0.000000
446, 0.000000, 0, 0, 0, 0.000000
447, 0.000000, 0, 0, 0, 0.000000
449, 32.000000, 32, 32, 0, 32.000000
450, 32.000000, 32, 32, 0, 32.000000
451, 32.000000, 32, 32, 0, 32.000000
452, 32.000000, 32, 32, 0, 32.000000
454, 32.000000, 32, 32, 0, 32.000000
455, 32.000000, 32, 32, 0, 32.000000
456, 32.000000, 32, 32, 0, 32.000000
457, 32.000000, 32, 32, 0, 32.000000
458, 31.991379, 32, 31, 0, 32.000000
459, 31.991379, 32, 31, 0, 32.000000
460, 31.921875, 32, 31, 0, 32.000000
462, 31.877863, 32, 31, 0, 32.000000
463, 31.582822, 32, 31, 0, 31.963190
464, 31.532164, 32, 31, 0, 31.912281
465, 31.489130, 32, 31, 0, 31.913043
467, 31.520202, 32, 31, 0, 31.888889
469, 31.415929, 32, 31, 0, 31.809735
470, 31.359813, 32, 31, 0, 31.836449
471, 31.281513, 32, 31, 0, 31.781513
472, 31.133333, 32, 31, 0, 31.800000
474, 31.078261, 32, 31, 0, 31.786957
475, 31.032389, 32, 31, 0, 31.736842
476, 31.022472, 32, 31, 0, 31.685393
477, 31.021661, 32, 31, 0, 31.660650
479, 31.028269, 32, 31, 0, 31.653710
480, 31.027875, 32, 31, 0, 31.644599
481, 31.031359, 32, 31, 0, 31.648084
482, 31.032154, 32, 31, 0, 31.620579
483, 31.030100, 32, 31, 0, 31.622074
484, 30.522989, 32, 6, 0, 31.158046
485, 26.259352, 32, 6, 0, 27.324190
487, 21.342491, 32, 6, 0, 22.943223
488, 16.599078, 32, 6, 0, 18.843318
489, 14.291391, 32, 6, 0, 17.067171
490, 13.550301, 32, 6, 0, 16.359415
492, 13.239113, 32, 6, 0, 16.240756
494, 12.434907, 32, 6, 0, 15.867668
495, 12.160028, 32, 6, 0, 15.443746
496, 12.160028, 32, 6, 0, 15.429769
497, 12.113731, 32, 6, 0, 15.378641
499, 11.926451, 32, 6, 0, 15.261134
500, 11.502839, 32, 6, 0, 15.179180
501, 11.155875, 32, 6, 0, 14.632494
502, 10.711409, 32, 6, 0, 14.835011
504, 10.453057, 32, 6, 0, 14.507642
505, 10.050174, 32, 6, 0, 14.921510
506, 9.852256, 32, 6, 0, 14.736242
507, 9.965720, 32, 6, 0, 15.014202
508, 9.952498, 32, 6, 0, 15.038198
509, 9.832923, 32, 6, 0, 14.803351
510, 9.952008, 32, 6, 0, 15.047502
512, 9.950539, 32, 6, 0, 15.047502
513, 9.849140, 32, 6, 0, 14.814251
514, 9.861493, 32, 6, 0, 14.832515
515, 9.849510, 32, 2, 0, 14.848529
517, 9.873839, 32, 2, 0, 14.881663
519, 9.655722, 32, 2, 0, 15.155963
520, 9.319963, 32, 2, 0, 15.724813
521, 9.478480, 32, 2, 0, 16.072802
522, 9.519050, 32, 2, 0, 16.733752
524, 9.568981, 32, 2, 0, 16.960457
525, 9.739974, 32, 2, 0, 17.924968
526, 9.711628, 32, 2, 0, 18.733192
527, 9.664132, 32, 2, 0, 19.204901
529, 9.706030, 32, 1, 0, 19.543132
530, 9.504553, 32, 1, 0, 21.497103
531, 9.380834, 32, 1, 0, 21.608013
532, 9.160264, 32, 1, 0, 22.014457
533, 9.114498, 32, 1, 0, 22.010708
534, 8.828829, 32, 1, 0, 21.773956
535, 8.693620, 32, 1, 0, 21.937830
537, 8.645621, 32, 1, 0, 21.874134
543, 7.894186, 32, 1, 0, 22.206977
549, 7.818503, 32, 1, 0, 22.337924
555, 7.277948, 32, 1, 0, 23.587496
560, 7.419302, 32, 1, 0, 23.995109
565, 6.695679, 32, 1, 0, 23.989957
570, 5.856699, 32, 1, 0, 23.614754
575, 5.721485, 32, 1, 0, 23.927120
580, 4.892735, 32, 1, 0, 24.451088
585, 4.205452, 32, 1, 0, 25.156487
590, 3.886414, 32, 1, 0, 26.391240
595, 3.982577, 32, 1, 0, 27.888098
600, 0.000000, 0, 0, 0, 0.000000
437, 0.000000, 0, 0, 0, 0.000000
438, 0.000000, 0, 0, 0, 0.000000
439, 0.000000, 0, 0, 0, 0.000000
440, 0.000000, 0, 0, 0, 0.000000
442, 0.000000, 0, 0, 0, 0.000000
444, 0.000000, 0, 0, 0, 0.000000
445, 0.000000, 0, 0, 0, 0.000000
446, 0.000000, 0, 0, 0, 0.000000
447, 0.000000, 0, 0, 0, 0.000000
449, 32.000000, 32, 32, 0, 32.000000
450, 32.000000, 32, 32, 0, 32.000000
451, 32.000000, 32, 32, 0, 32.000000
452, 32.000000, 32, 32, 0, 32.000000
454, 32.000000, 32, 32, 0, 32.000000
455, 32.000000, 32, 32, 0, 32.000000
456, 32.000000, 32, 32, 0, 32.000000
457, 32.000000, 32, 32, 0, 32.000000
458, 32.000000, 32, 32, 0, 32.000000
459, 31.991597, 32, 31, 0, 32.000000
460, 31.892562, 32, 31, 0, 32.000000
462, 31.832000, 32, 31, 0, 32.000000
463, 31.668874, 32, 31, 0, 31.980132
464, 31.522293, 32, 31, 0, 31.936306
465, 31.500000, 32, 31, 0, 31.898936
467, 31.518135, 32, 31, 0, 31.901554
469, 31.468900, 32, 31, 0, 31.846890
470, 31.295359, 32, 31, 0, 31.780591
471, 31.237705, 32, 31, 0, 31.774590
472, 31.163265, 32, 31, 0, 31.763265
474, 31.069869, 32, 31, 0, 31.790393
475, 31.028881, 32, 31, 0, 31.685921
476, 31.022901, 32, 31, 0, 31.694656
477, 31.025455, 32, 31, 0, 31.665455
479, 31.021505, 32, 31, 0, 31.655914
480, 31.027972, 32, 31, 0, 31.646853
481, 31.034965, 32, 31, 0, 31.653846
482, 30.942568, 32, 6, 0, 31.543919
483, 30.860000, 32, 6, 0, 31.456667
484, 30.566154, 32, 6, 0, 31.193846
485, 25.414286, 32, 6, 0, 26.397619
487, 21.438433, 32, 6, 0, 22.914179
488, 16.364269, 32, 6, 0, 18.915313
489, 14.615920, 32, 6, 0, 17.293532
490, 13.610915, 32, 6, 0, 16.480634
492, 13.087948, 32, 6, 0, 16.118893
494, 12.293201, 32, 6, 0, 15.815156
495, 12.145618, 32, 6, 0, 15.685300
496, 12.173883, 32, 6, 0, 15.441341
497, 12.114540, 32, 6, 0, 15.666667
499, 12.006807, 32, 6, 0, 15.631722
500, 11.569054, 32, 6, 0, 14.962916
501, 10.962832, 32, 6, 0, 14.537463
502, 10.657924, 32, 6, 0, 14.449219
504, 10.362846, 32, 6, 0, 14.616513
505, 10.020844, 32, 6, 0, 14.910670
506, 9.849676, 32, 6, 0, 14.737183
507, 9.952521, 32, 6, 0, 15.028390
508, 9.844335, 32, 6, 0, 14.808374
509, 9.843842, 32, 6, 0, 14.800000
510, 9.962310, 32, 6, 0, 15.046011
512, 9.851870, 32, 6, 0, 14.815453
513, 9.851106, 32, 6, 0, 14.815233
514, 9.825381, 32, 6, 0, 14.810133
515, 9.845437, 32, 2, 0, 14.848381
517, 9.938200, 32, 2, 0, 14.947932
519, 9.755875, 32, 2, 0, 15.247962
520, 9.419128, 32, 2, 0, 15.671355
521, 9.528039, 32, 2, 0, 16.655002
522, 9.311211, 32, 2, 0, 16.421525
524, 9.647894, 32, 2, 0, 16.990687
525, 9.658212, 32, 2, 0, 17.717111
526, 9.767993, 32, 2, 0, 18.850974
527, 9.666385, 32, 2, 0, 19.212569
529, 9.679733, 32, 1, 0, 20.213094
530, 9.543271, 32, 1, 0, 21.527950
531, 9.349587, 32, 1, 0, 21.646694
532, 9.139048, 32, 1, 0, 21.728056
533, 8.999591, 32, 1, 0, 21.763093
534, 8.765478, 32, 1, 0, 22.056581
535, 8.661914, 32, 1, 0, 21.886762
537, 8.575031, 32, 1, 0, 22.208621
543, 7.856592, 32, 1, 0, 21.856592
549, 7.830862, 32, 1, 0, 23.260946
555, 7.284367, 32, 1, 0, 23.349394
560, 7.520197, 32, 1, 0, 24.333005
565, 6.761203, 32, 1, 0, 23.727820
570, 6.079898, 32, 1, 0, 23.486448
575, 5.700542, 32, 1, 0, 24.073442
580, 4.992400, 32, 1, 0, 24.392296
585, 4.209917, 32, 1, 0, 25.215958
590, 3.930634, 32, 1, 0, 26.511972
595, 4.079529, 32, 1, 0, 27.994354
600, 0.000000, 0, 0, 0, 0.000000
437, 0.000000, 0, 0, 0, 0.000000
438, 0.000000, 0, 0, 0, 0.000000
439, 0.000000, 0, 0, 0, 0.000000
440, 0.000000, 0, 0, 0, 0.000000
442, 0.000000, 0, 0, 0, 0.000000
444, 0.000000, 0, 0, 0, 0.000000
445, 0.000000, 0, 0, 0, 0.000000
446, 0.000000, 0, 0, 0, 0.000000
447, 0.000000, 0, 0, 0, 0.000000
449, 32.000000, 32, 32, 0, 32.000000
450, 32.000000, 32, 32, 0, 32.000000
451, 32.000000, 32, 32, 0, 32.000000
452, 32.000000, 32, 32, 0, 32.000000
454, 32.000000, 32, 32, 0, 32.000000
455, 32.000000, 32, 32, 0, 32.000000
456, 32.000000, 32, 32, 0, 32.000000
457, 32.000000, 32, 32, 0, 32.000000
458, 31.991453, 32, 31, 0, 32.000000
459, 31.958333, 32, 31, 0, 32.000000
460, 31.909836, 32, 31, 0, 32.000000
462, 31.848000, 32, 31, 0, 32.000000
463, 31.692308, 32, 31, 0, 32.000000
464, 31.539877, 32, 31, 0, 31.957055
465, 31.516854, 32, 31, 0, 31.926966
467, 31.497382, 32, 31, 0, 31.890052
469, 31.487805, 32, 31, 0, 31.853659
470, 31.337963, 32, 31, 0, 31.833333
471, 31.256303, 32, 31, 0, 31.777311
472, 31.161157, 32, 31, 0, 31.768595
474, 31.073593, 32, 31, 0, 31.783550
475, 31.034749, 32, 31, 0, 31.710425
476, 31.022814, 32, 31, 0, 31.695817
477, 31.025735, 32, 31, 0, 31.672794
479, 31.023411, 32, 31, 0, 31.635452
480, 31.028169, 32, 31, 0, 31.651408
481, 31.023102, 32, 31, 0, 31.627063
482, 31.025723, 32, 31, 0, 31.614148
483, 31.025078, 32, 31, 0, 31.598746
484, 30.794953, 32, 6, 0, 31.365931
485, 28.519553, 32, 6, 0, 29.405028
487, 21.788280, 32, 6, 0, 23.448015
488, 16.330097, 32, 6, 0, 18.691748
489, 14.274621, 32, 6, 0, 16.908144
490, 13.651982, 32, 6, 0, 16.486344
492, 13.065391, 32, 6, 0, 16.122807
494, 12.442075, 32, 6, 0, 15.850746
495, 12.147688, 32, 6, 0, 15.687371
496, 12.171089, 32, 6, 0, 15.441341
497, 12.108351, 32, 6, 0, 15.693582
499, 11.848546, 32, 6, 0, 15.234618
500, 11.143889, 32, 6, 0, 14.907887
501, 11.092995, 32, 6, 0, 14.600242
502, 10.603837, 32, 6, 0, 14.402935
504, 10.367480, 32, 6, 0, 14.493767
505, 10.123849, 32, 6, 0, 14.803992
506, 9.867691, 32, 6, 0, 14.740337
507, 9.852637, 32, 6, 0, 14.805323
508, 9.829966, 32, 6, 0, 14.773287
509, 9.853767, 32, 6, 0, 14.807976
510, 9.843350, 32, 6, 0, 14.811823
512, 9.851378, 32, 6, 0, 14.815945
513, 9.957416, 32, 6, 0, 15.034263
514, 9.861561, 32, 6, 0, 14.829161
515, 9.845852, 32, 2, 0, 14.827688
517, 9.886286, 32, 2, 0, 14.938995
519, 9.679561, 32, 2, 0, 15.494747
520, 9.341577, 32, 2, 0, 15.588894
521, 9.311505, 32, 2, 0, 16.272397
522, 9.444841, 32, 2, 0, 16.702992
524, 9.517778, 32, 2, 0, 16.901778
525, 9.761925, 32, 2, 0, 18.097530
526, 9.704904, 32, 2, 0, 18.342431
527, 9.735245, 32, 2, 0, 19.813238
529, 9.640586, 32, 1, 0, 20.217992
530, 9.475579, 32, 1, 0, 21.502483
531, 9.465753, 32, 1, 0, 21.884599
532, 9.263591, 32, 1, 0, 21.735997
533, 8.981945, 32, 1, 0, 22.023389
534, 8.842577, 32, 1, 0, 21.842170
535, 8.669781, 32, 1, 0, 21.938262
537, 8.611904, 32, 1, 0, 22.165104
543, 7.881579, 32, 1, 0, 21.953173
549, 7.823613, 32, 1, 0, 22.661718
555, 7.317385, 32, 1, 0, 23.299865
560, 7.500496, 32, 1, 0, 24.139266
565, 6.901520, 32, 1, 0, 23.772340
570, 6.148725, 32, 1, 0, 23.526629
575, 5.725203, 32, 1, 0, 23.883740
580, 5.083071, 32, 1, 0, 24.346174
585, 4.172344, 32, 1, 0, 24.955842
590, 4.034645, 32, 1, 0, 26.334818
595, 4.053317, 32, 1, 0, 27.823833
600, 0.000000, 0, 0, 0, 0.000000
438, 0.000000, 0, 0, 0, 0.000000
439, 0.000000, 0, 0, 0, 0.000000
440, 0.000000, 0, 0, 0, 0.000000
442, 0.000000, 0, 0, 0, 0.000000
444, 0.000000, 0, 0, 0, 0.000000
445, 0.000000, 0, 0, 0, 0.000000
446, 0.000000, 0, 0, 0, 0.000000
447, 0.000000, 0, 0, 0, 0.000000
449, 32.000000, 32, 32, 0, 32.000000
450, 32.000000, 32, 32, 0, 32.000000
451, 32.000000, 32, 32, 0, 32.000000
452, 32.000000, 32, 32, 0, 32.000000
454, 32.000000, 32, 32, 0, 32.000000
455, 32.000000, 32, 32, 0, 32.000000
456, 32.000000, 32, 32, 0, 32.000000
457, 32.000000, 32, 32, 0, 32.000000
458, 31.991525, 32, 31, 0, 32.000000
459, 31.991525, 32, 31, 0, 32.000000
460, 31.885496, 32, 31, 0, 32.000000
462, 31.841270, 32, 31, 0, 31.992063
463, 31.699346, 32, 31, 0, 31.967320
464, 31.636943, 32, 31, 0, 31.955414
465, 31.471503, 32, 31, 0, 31.875648
467, 31.466346, 32, 31, 0, 31.850962
469, 31.473934, 32, 31, 0, 31.843602
470, 31.345794, 32, 31, 0, 31.836449
471, 31.319444, 32, 31, 0, 31.833333
472, 31.161435, 32, 31, 0, 31.816143
474, 31.083333, 32, 31, 0, 31.793860
475, 31.033333, 32, 31, 0, 31.703704
476, 31.021583, 32, 31, 0, 31.679856
477, 31.030822, 32, 31, 0, 31.657534
479, 31.028470, 32, 31, 0, 31.658363
480, 31.028169, 32, 31, 0, 31.651408
481, 31.031250, 32, 31, 0, 31.645833
482, 31.030717, 32, 31, 0, 31.634812
483, 30.628205, 32, 6, 0, 31.227564
484, 30.629393, 32, 6, 0, 31.233227
485, 26.324257, 32, 6, 0, 27.341584
487, 23.489224, 32, 6, 0, 25.161638
488, 15.992108, 32, 6, 0, 18.744081
489, 13.892759, 32, 6, 0, 16.692942
490, 13.685201, 32, 6, 0, 16.828058
492, 13.170178, 32, 6, 0, 16.149109
494, 12.389008, 32, 6, 0, 15.553176
495, 12.145618, 32, 6, 0, 15.699793
496, 12.137741, 32, 6, 0, 15.684573
497, 12.115518, 32, 6, 0, 15.434934
499, 11.946332, 32, 6, 0, 15.269701
500, 11.412748, 32, 6, 0, 15.090347
501, 10.945530, 32, 6, 0, 14.564239
502, 10.651345, 32, 6, 0, 14.450112
504, 10.449733, 32, 6, 0, 14.756150
505, 9.901740, 32, 6, 0, 14.635107
506, 9.871642, 32, 6, 0, 14.753731
507, 9.841716, 32, 6, 0, 14.819527
508, 9.962800, 32, 6, 0, 15.043563
509, 9.853767, 32, 6, 0, 14.819793
510, 9.844335, 32, 6, 0, 14.811823
512, 9.962800, 32, 6, 0, 15.046011
513, 9.847024, 32, 6, 0, 14.835219
514, 9.867387, 32, 6, 0, 14.823183
515, 9.832188, 32, 2, 0, 14.852797
517, 9.879471, 32, 2, 0, 14.917687
519, 9.515835, 32, 2, 0, 15.058541
520, 9.411215, 32, 2, 0, 15.509346
521, 9.451540, 32, 2, 0, 16.385417
522, 9.488111, 32, 2, 0, 16.622252
524, 9.432432, 32, 2, 0, 16.774479
525, 9.792672, 32, 2, 0, 17.799138
526, 9.751273, 32, 2, 0, 18.319610
527, 9.734807, 32, 2, 0, 19.152146
529, 9.697148, 32, 1, 0, 20.364513
530, 9.572735, 32, 1, 0, 21.284289
531, 9.304778, 32, 1, 0, 21.683278
532, 9.129072, 32, 1, 0, 21.654021
533, 8.969959, 32, 1, 0, 21.987654
534, 8.660539, 32, 1, 0, 21.821487
535, 8.631622, 32, 1, 0, 21.883456
537, 8.578284, 32, 1, 0, 22.181375
538, 8.478822, 32, 1, 0, 22.037112
544, 7.800609, 32, 1, 0, 21.833333
550, 7.801377, 32, 1, 0, 23.291222
555, 7.305415, 32, 1, 0, 23.351160
560, 7.490659, 32, 1, 0, 23.988856
565, 6.806373, 32, 1, 0, 23.997549
570, 5.978555, 32, 1, 0, 23.452032
575, 5.699538, 32, 1, 0, 24.070361
580, 5.099817, 32, 1, 0, 24.317789
585, 4.249937, 32, 1, 0, 24.931721
590, 3.897132, 32, 1, 0, 26.454253
595, 4.089995, 32, 1, 0, 27.917116
600, 0.000000, 0, 0, 0, 0.000000
437, 0.000000, 0, 0, 0, 0.000000
438, 0.000000, 0, 0, 0, 0.000000
439, 0.000000, 0, 0, 0, 0.000000
440, 0.000000, 0, 0, 0, 0.000000
442, 0.000000, 0, 0, 0, 0.000000
444, 32.000000, 32, 32, 0, 32.000000
445, 0.000000, 0, 0, 0, 0.000000
446, 32.000000, 32, 32, 0, 32.000000
447, 0.000000, 0, 0, 0, 0.000000
449, 32.000000, 32, 32, 0, 32.000000
450, 32.000000, 32, 32, 0, 32.000000
451, 32.000000, 32, 32, 0, 32.000000
452, 32.000000, 32, 32, 0, 32.000000
454, 32.000000, 32, 32, 0, 32.000000
455, 32.000000, 32, 32, 0, 32.000000
456, 32.000000, 32, 32, 0, 32.000000
457, 32.000000, 32, 32, 0, 32.000000
458, 32.000000, 32, 32, 0, 32.000000
459, 31.984000, 32, 31, 0, 32.000000
460, 31.966667, 32, 31, 0, 32.000000
462, 31.890625, 32, 31, 0, 32.000000
463, 31.611842, 32, 31, 0, 31.940789
464, 31.573248, 32, 31, 0, 31.980892
465, 31.524590, 32, 31, 0, 31.918033
467, 31.491892, 32, 31, 0, 31.891892
469, 31.415929, 32, 31, 0, 31.809735
470, 31.291667, 32, 31, 0, 31.828704
471, 31.208145, 32, 31, 0, 31.814480
472, 31.155251, 32, 31, 0, 31.821918
474, 31.067797, 32, 31, 0, 31.771186
475, 31.028674, 32, 31, 0, 31.681004
476, 31.022059, 32, 31, 0, 31.672794
477, 31.025735, 32, 31, 0, 31.676471
479, 31.025000, 32, 31, 0, 31.657143
480, 31.024823, 32, 31, 0, 31.652482
481, 31.031034, 32, 31, 0, 31.641379
482, 31.030717, 32, 31, 0, 31.634812
483, 30.889610, 32, 6, 0, 31.532468
484, 28.885057, 32, 6, 0, 29.683908
485, 28.535014, 32, 6, 0, 29.537815
487, 23.234818, 32, 6, 0, 24.518219
488, 15.086245, 32, 6, 0, 17.799127
489, 14.580553, 32, 6, 0, 17.502383
490, 14.164815, 32, 6, 0, 16.785185
492, 12.984508, 32, 6, 0, 15.979086
494, 12.514599, 32, 6, 0, 15.610949
495, 12.159329, 32, 6, 0, 15.429071
496, 12.173883, 32, 6, 0, 15.456704
497, 12.134893, 32, 6, 0, 15.694425
499, 11.936098, 32, 6, 0, 15.279402
500, 11.439163, 32, 6, 0, 14.872624
501, 11.067807, 32, 6, 0, 14.877358
502, 10.685843, 32, 6, 0, 14.412860
504, 10.416532, 32, 6, 0, 14.574284
505, 9.928929, 32, 6, 0, 14.680681
506, 9.891488, 32, 6, 0, 14.693878
507, 9.947963, 32, 6, 0, 15.037801
508, 9.854259, 32, 6, 0, 14.820286
509, 9.962800, 32, 6, 0, 15.055311
510, 9.852290, 32, 6, 0, 14.819793
512, 9.842857, 32, 6, 0, 14.824138
513, 9.950587, 32, 6, 0, 15.051370
514, 9.864507, 32, 6, 0, 14.842415
515, 9.936616, 32, 2, 0, 14.919551
517, 9.843368, 32, 2, 0, 14.902105
519, 9.591234, 32, 2, 0, 15.224869
520, 9.439464, 32, 2, 0, 15.729205
521, 9.376535, 32, 2, 0, 16.096862
522, 9.407723, 32, 2, 0, 16.471486
524, 9.786467, 32, 2, 0, 17.293058
525, 9.722892, 32, 2, 0, 18.120912
526, 9.735181, 32, 2, 0, 18.776546
527, 9.703079, 32, 2, 0, 19.168705
529, 9.664157, 32, 1, 0, 19.916353
530, 9.503520, 32, 1, 0, 21.549896
531, 9.358911, 32, 1, 0, 21.666667
532, 9.108651, 32, 1, 0, 21.690857
533, 8.882450, 32, 1, 0, 22.054254
534, 8.746336, 32, 1, 0, 21.889658
535, 8.676136, 32, 1, 0, 21.936282
537, 8.597725, 32, 1, 0, 22.155628
543, 7.879740, 32, 1, 0, 21.870165
549, 7.801667, 32, 1, 0, 22.952414
555, 7.284129, 32, 1, 0, 23.309011
560, 7.475124, 32, 1, 0, 23.967051
565, 6.851694, 32, 1, 0, 24.015563
570, 5.968004, 32, 1, 0, 23.468987
575, 5.576096, 32, 1, 0, 24.288592
580, 5.136364, 32, 1, 0, 24.387809
585, 4.240030, 32, 1, 0, 25.022716
590, 3.903337, 32, 1, 0, 26.439308
595, 4.028269, 32, 1, 0, 27.951327
600, 0.000000, 0, 0, 0, 0.000000
435, 0.000000, 0, 0, 0, 0.000000
437, 0.000000, 0, 0, 0, 0.000000
438, 0.000000, 0, 0, 0, 0.000000
439, 0.000000, 0, 0, 0, 0.000000
440, 0.000000, 0, 0, 0, 0.000000
442, 0.000000, 0, 0, 0, 0.000000
444, 0.000000, 0, 0, 0, 0.000000
445, 0.000000, 0, 0, 0, 0.000000
446, 0.000000, 0, 0, 0, 0.000000
447, 32.000000, 32, 32, 0, 32.000000
449, 32.000000, 32, 32, 0, 32.000000
450, 32.000000, 32, 32, 0, 32.000000
451, 32.000000, 32, 32, 0, 32.000000
452, 32.000000, 32, 32, 0, 32.000000
454, 32.000000, 32, 32, 0, 32.000000
455, 32.000000, 32, 32, 0, 32.000000
456, 32.000000, 32, 32, 0, 32.000000
457, 32.000000, 32, 32, 0, 32.000000
458, 32.000000, 32, 32, 0, 32.000000
459, 31.983193, 32, 31, 0, 32.000000
460, 31.922481, 32, 31, 0, 32.000000
462, 31.824427, 32, 31, 0, 31.992366
463, 31.699346, 32, 31, 0, 31.986928
464, 31.566265, 32, 31, 0, 31.945783
465, 31.528409, 32, 31, 0, 31.931818
467, 31.484694, 32, 31, 0, 31.867347
469, 31.478261, 32, 31, 0, 31.855072
470, 31.341772, 32, 31, 0, 31.784810
471, 31.300926, 32, 31, 0, 31.833333
472, 31.153153, 32, 31, 0, 31.824324
474, 31.081897, 32, 31, 0, 31.784483
475, 31.023256, 32, 31, 0, 31.709302
476, 31.021898, 32, 31, 0, 31.667883
477, 31.023810, 32, 31, 0, 31.646259
479, 31.023333, 32, 31, 0, 31.633333
480, 31.026490, 32, 31, 0, 31.632450
481, 31.027682, 32, 31, 0, 31.640138
482, 31.026846, 32, 31, 0, 31.620805
483, 30.566154, 32, 6, 0, 31.141538
484, 30.582090, 32, 6, 0, 31.435821
485, 25.127660, 32, 6, 0, 26.375887
487, 20.950172, 32, 6, 0, 22.805842
488, 16.258315, 32, 6, 0, 18.620843
489, 14.109601, 32, 6, 0, 17.067935
490, 13.518739, 32, 6, 0, 16.369676
492, 13.104524, 32, 6, 0, 16.435257
494, 12.487947, 32, 6, 0, 15.684441
495, 12.160028, 32, 6, 0, 15.411600
496, 12.142759, 32, 6, 0, 15.678621
497, 12.143454, 32, 6, 0, 15.435237
499, 11.831670, 32, 6, 0, 15.491018
500, 11.316250, 32, 6, 0, 14.795625
501, 11.057075, 32, 6, 0, 14.591558
502, 10.761338, 32, 6, 0, 14.778345
504, 10.489600, 32, 6, 0, 14.788800
505, 10.088370, 32, 6, 0, 14.796851
506, 9.969428, 32, 6, 0, 14.982742
507, 9.846798, 32, 6, 0, 14.787192
508, 9.852709, 32, 6, 0, 14.818719
509, 9.952498, 32, 6, 0, 15.047502
510, 9.952008, 32, 6, 0, 15.047502
512, 9.849975, 32, 6, 0, 14.811608
513, 9.847666, 32, 6, 0, 14.815233
514, 9.840059, 32, 6, 0, 14.815453
515, 9.842002, 32, 2, 0, 14.823356
517, 9.856164, 32, 2, 0, 14.871331
519, 9.733748, 32, 2, 0, 15.205067
520, 9.430173, 32, 2, 0, 15.529659
521, 9.510483, 32, 2, 0, 16.109389
522, 9.347866, 32, 2, 0, 16.399637
524, 9.694503, 32, 1, 0, 19.549727
525, 9.715525, 32, 2, 0, 17.708153
526, 9.698888, 32, 2, 0, 18.452524
527, 9.698579, 32, 2, 0, 19.839883
529, 9.667224, 32, 1, 0, 20.375836
530, 9.578358, 32, 1, 0, 21.308043
531, 9.390619, 32, 1, 0, 21.877543
532, 9.170852, 32, 1, 0, 21.691643
533, 8.963344, 32, 1, 0, 22.000824
534, 8.676822, 32, 1, 0, 22.002470
535, 8.641724, 32, 1, 0, 21.906873
537, 8.565094, 32, 1, 0, 22.186330
543, 7.904946, 32, 1, 0, 22.052164
549, 7.849440, 32, 1, 0, 23.197479
555, 7.321200, 32, 1, 0, 23.345804
560, 7.540523, 32, 1, 0, 24.142904
565, 6.778181, 32, 1, 0, 23.787247
570, 6.056524, 32, 1, 0, 23.372891
575, 5.701873, 32, 1, 0, 23.974477
580, 5.026419, 32, 1, 0, 24.300549
585, 4.162679, 32, 1, 0, 25.232687
590, 4.028451, 32, 1, 0, 26.400544
595, 3.955807, 32, 1, 0, 27.876013
600, 0.000000, 0, 0, 0, 0.000000
